gisco_id,country,nuts_2,nuts_3,lau_id,lau_name,population,area_km2,year,fid,concordance
BE_11001,BE,BE21,BE211,11001,Aartselaar,14307,11.00006789,2018,BE_11001,official
BE_11002,BE,BE21,BE211,11002,Antwerpen,524667,204.0080418,2018,BE_11002,official
BE_11004,BE,BE21,BE211,11004,Boechout,13137,20.72341666,2018,BE_11004,official
BE_11005,BE,BE21,BE211,11005,Boom,18015,7.31016913,2018,BE_11005,official
BE_11007,BE,BE21,BE211,11007,Borsbeek,10691,3.88991037,2018,BE_11007,official
BE_11008,BE,BE21,BE211,11008,Brasschaat,37902,38.62568794,2018,BE_11008,official
BE_11009,BE,BE21,BE211,11009,Brecht,29032,91.37736517,2018,BE_11009,official
BE_11013,BE,BE21,BE211,11013,Edegem,21979,8.69904531,2018,BE_11013,official
BE_11016,BE,BE21,BE211,11016,Essen,19072,47.57059568,2018,BE_11016,official
BE_11018,BE,BE21,BE211,11018,Hemiksem,11395,5.51489401,2018,BE_11018,official
BE_11021,BE,BE21,BE211,11021,Hove,8120,6.0049001,2018,BE_11021,official
BE_11022,BE,BE21,BE211,11022,Kalmthout,18629,59.57155319,2018,BE_11022,official
BE_11023,BE,BE21,BE211,11023,Kapellen,27083,37.23061532,2018,BE_11023,official
BE_11024,BE,BE21,BE211,11024,Kontich,21098,23.87285045,2018,BE_11024,official
BE_11025,BE,BE21,BE211,11025,Lint,8972,5.60879585,2018,BE_11025,official
BE_11029,BE,BE21,BE211,11029,Mortsel,25883,7.79559264,2018,BE_11029,official
BE_11030,BE,BE21,BE211,11030,Niel,10443,5.31730949,2018,BE_11030,official
BE_11035,BE,BE21,BE211,11035,Ranst,19337,43.68644962,2018,BE_11035,official
BE_11037,BE,BE21,BE211,11037,Rumst,15123,20.18019794,2018,BE_11037,official
BE_11038,BE,BE21,BE211,11038,Schelle,8441,7.74604874,2018,BE_11038,official
BE_11039,BE,BE21,BE211,11039,Schilde,19610,36.05027022,2018,BE_11039,official
BE_11040,BE,BE21,BE211,11040,Schoten,34502,29.5284331,2018,BE_11040,official
BE_11044,BE,BE21,BE211,11044,Stabroek,18526,21.16758533,2018,BE_11044,official
BE_11050,BE,BE21,BE211,11050,Wijnegem,9717,7.87517979,2018,BE_11050,official
BE_11052,BE,BE21,BE211,11052,Wommelgem,12903,12.98387751,2018,BE_11052,official
BE_11053,BE,BE21,BE211,11053,Wuustwezel,20685,89.42218095,2018,BE_11053,official
BE_11054,BE,BE21,BE211,11054,Zandhoven,12997,40.08431177,2018,BE_11054,official
BE_11055,BE,BE21,BE211,11055,Zoersel,21772,38.64285326,2018,BE_11055,official
BE_11056,BE,BE21,BE211,11056,Zwijndrecht,19035,20.10635678,2018,BE_11056,official
BE_11057,BE,BE21,BE211,11057,Malle,15321,51.90562565,2018,BE_11057,official
BE_12002,BE,BE21,BE212,12002,Berlaar,11519,24.52437866,2018,BE_12002,official
BE_12005,BE,BE21,BE212,12005,Bonheiden,14962,29.18841607,2018,BE_12005,official
BE_12007,BE,BE21,BE212,12007,Bornem,21198,46.20155187,2018,BE_12007,official
BE_12009,BE,BE21,BE212,12009,Duffel,17406,22.60636033,2018,BE_12009,official
BE_12014,BE,BE21,BE212,12014,Heist-op-den-Berg,42517,86.70446579,2018,BE_12014,official
BE_12021,BE,BE21,BE212,12021,Lier,35769,49.830893,2018,BE_12021,official
BE_12025,BE,BE21,BE212,12025,Mechelen,86368,65.74320179,2018,BE_12025,official
BE_12026,BE,BE21,BE212,12026,Nijlen,22829,39.16500447,2018,BE_12026,official
BE_12029,BE,BE21,BE212,12029,Putte,17601,35.16699411,2018,BE_12029,official
BE_12030,BE,BE21,BE212,12030,Puurs,17462,33.39548405,2018,BE_12030,official
BE_12034,BE,BE21,BE212,12034,Sint-Amands,8486,15.71913548,2018,BE_12034,official
BE_12035,BE,BE21,BE212,12035,Sint-Katelijne-Waver,20867,36.13675472,2018,BE_12035,official
BE_12040,BE,BE21,BE212,12040,Willebroek,26267,27.47570669,2018,BE_12040,official
BE_13001,BE,BE21,BE213,13001,Arendonk,13549,55.23744699,2018,BE_13001,official
BE_13002,BE,BE21,BE213,13002,Baarle-Hertog,2716,7.5312522,2018,BE_13002,official
BE_13003,BE,BE21,BE213,13003,Balen,22445,72.98532829,2018,BE_13003,official
BE_13004,BE,BE21,BE213,13004,Beerse,17933,37.28024504,2018,BE_13004,official
BE_13006,BE,BE21,BE213,13006,Dessel,9537,27.39645555,2018,BE_13006,official
BE_13008,BE,BE21,BE213,13008,Geel,39936,110.23267167,2018,BE_13008,official
BE_13010,BE,BE21,BE213,13010,Grobbendonk,11128,28.42657295,2018,BE_13010,official
BE_13011,BE,BE21,BE213,13011,Herentals,28158,47.99958443,2018,BE_13011,official
BE_13012,BE,BE21,BE213,13012,Herenthout,8955,23.61734014,2018,BE_13012,official
BE_13013,BE,BE21,BE213,13013,Herselt,14547,52.39747909,2018,BE_13013,official
BE_13014,BE,BE21,BE213,13014,Hoogstraten,21336,105.46039013,2018,BE_13014,official
BE_13016,BE,BE21,BE213,13016,Hulshout,10394,17.38327028,2018,BE_13016,official
BE_13017,BE,BE21,BE213,13017,Kasterlee,18612,72.26501378,2018,BE_13017,official
BE_13019,BE,BE21,BE213,13019,Lille,16514,59.57576159,2018,BE_13019,official
BE_13021,BE,BE21,BE213,13021,Meerhout,10329,36.55316241,2018,BE_13021,official
BE_13023,BE,BE21,BE213,13023,Merksplas,8656,44.65027635,2018,BE_13023,official
BE_13025,BE,BE21,BE213,13025,Mol,36586,114.50601444,2018,BE_13025,official
BE_13029,BE,BE21,BE213,13029,Olen,12501,23.1525473,2018,BE_13029,official
BE_13031,BE,BE21,BE213,13031,Oud-Turnhout,13518,39.20234652,2018,BE_13031,official
BE_13035,BE,BE21,BE213,13035,Ravels,14858,95.08636245,2018,BE_13035,official
BE_13036,BE,BE21,BE213,13036,Retie,11248,48.48027133,2018,BE_13036,official
BE_13037,BE,BE21,BE213,13037,Rijkevorsel,11946,46.86452485,2018,BE_13037,official
BE_13040,BE,BE21,BE213,13040,Turnhout,44229,56.66125662,2018,BE_13040,official
BE_13044,BE,BE21,BE213,13044,Vorselaar,7852,27.59549066,2018,BE_13044,official
BE_13046,BE,BE21,BE213,13046,Vosselaar,11160,11.86302721,2018,BE_13046,official
BE_13049,BE,BE21,BE213,13049,Westerlo,24875,55.43092747,2018,BE_13049,official
BE_13053,BE,BE21,BE213,13053,Laakdal,16024,42.37073879,2018,BE_13053,official
BE_21001,BE,BE10,BE100,21001,Anderlecht,119314,17.91143111,2018,BE_21001,official
BE_21002,BE,BE10,BE100,21002,Auderghem,33810,9.0060718,2018,BE_21002,official
BE_21003,BE,BE10,BE100,21003,Berchem-Sainte-Agathe,24907,2.9642604,2018,BE_21003,official
BE_21004,BE,BE10,BE100,21004,Bruxelles,185906,33.08524224,2018,BE_21004,official
BE_21005,BE,BE10,BE100,21005,Etterbeek,48000,3.18016801,2018,BE_21005,official
BE_21006,BE,BE10,BE100,21006,Evere,41218,5.12280209,2018,BE_21006,official
BE_21007,BE,BE10,BE100,21007,Forest,56255,6.31589328,2018,BE_21007,official
BE_21008,BE,BE10,BE100,21008,Ganshoren,24926,2.43199294,2018,BE_21008,official
BE_21009,BE,BE10,BE100,21009,Ixelles,87534,6.41151255,2018,BE_21009,official
BE_21010,BE,BE10,BE100,21010,Jette,52466,5.20639745,2018,BE_21010,official
BE_21011,BE,BE10,BE100,21011,Koekelberg,21872,1.17892899,2018,BE_21011,official
BE_21012,BE,BE10,BE100,21012,Molenbeek-Saint-Jean,97481,6.03231409,2018,BE_21012,official
BE_21013,BE,BE10,BE100,21013,Saint-Gilles,50265,2.53064363,2018,BE_21013,official
BE_21014,BE,BE10,BE100,21014,Saint-Josse-ten-Noode,27254,1.15617228,2018,BE_21014,official
BE_21015,BE,BE10,BE100,21015,Schaerbeek,133709,7.91449291,2018,BE_21015,official
BE_21016,BE,BE10,BE100,21016,Uccle,82574,22.82804227,2018,BE_21016,official
BE_21017,BE,BE10,BE100,21017,Watermael-Boitsfort,25042,12.98803165,2018,BE_21017,official
BE_21018,BE,BE10,BE100,21018,Woluwe-Saint-Lambert,56532,7.3099527,2018,BE_21018,official
BE_21019,BE,BE10,BE100,21019,Woluwe-Saint-Pierre,41684,8.93851974,2018,BE_21019,official
BE_23002,BE,BE24,BE241,23002,Asse,32999,50.23832876,2018,BE_23002,official
BE_23003,BE,BE24,BE241,23003,Beersel,25294,30.45660362,2018,BE_23003,official
BE_23009,BE,BE24,BE241,23009,Bever,2204,19.25312413,2018,BE_23009,official
BE_23016,BE,BE24,BE241,23016,Dilbeek,42492,41.4268041,2018,BE_23016,official
BE_23023,BE,BE24,BE241,23023,Galmaarden,8734,35.25971072,2018,BE_23023,official
BE_23024,BE,BE24,BE241,23024,Gooik,9243,40.20358993,2018,BE_23024,official
BE_23025,BE,BE24,BE241,23025,Grimbergen,37417,38.66552801,2018,BE_23025,official
BE_23027,BE,BE24,BE241,23027,Halle,39117,44.97266294,2018,BE_23027,official
BE_23032,BE,BE24,BE241,23032,Herne,6647,44.68723992,2018,BE_23032,official
BE_23033,BE,BE24,BE241,23033,Hoeilaart,11192,20.57879061,2018,BE_23033,official
BE_23038,BE,BE24,BE241,23038,Kampenhout,11906,33.6671199,2018,BE_23038,official
BE_23039,BE,BE24,BE241,23039,Kapelle-op-den-Bos,9415,15.46117054,2018,BE_23039,official
BE_23044,BE,BE24,BE241,23044,Liedekerke,13202,10.18796875,2018,BE_23044,official
BE_23045,BE,BE24,BE241,23045,Londerzeel,18617,36.51701332,2018,BE_23045,official
BE_23047,BE,BE24,BE241,23047,Machelen,15448,11.49674222,2018,BE_23047,official
BE_23050,BE,BE24,BE241,23050,Meise,19181,35.10878308,2018,BE_23050,official
BE_23052,BE,BE24,BE241,23052,Merchtem,16302,36.89655874,2018,BE_23052,official
BE_23060,BE,BE24,BE241,23060,Opwijk,14392,19.90808363,2018,BE_23060,official
BE_23062,BE,BE24,BE241,23062,Overijse,25176,45.04057864,2018,BE_23062,official
BE_23064,BE,BE24,BE241,23064,Pepingen,4380,35.94337062,2018,BE_23064,official
BE_23077,BE,BE24,BE241,23077,Sint-Pieters-Leeuw,34077,40.67074325,2018,BE_23077,official
BE_23081,BE,BE24,BE241,23081,Steenokkerzeel,12134,23.59795175,2018,BE_23081,official
BE_23086,BE,BE24,BE241,23086,Ternat,15497,24.68681749,2018,BE_23086,official
BE_23088,BE,BE24,BE241,23088,Vilvoorde,44053,21.59069043,2018,BE_23088,official
BE_23094,BE,BE24,BE241,23094,Zaventem,34003,27.7628448,2018,BE_23094,official
BE_23096,BE,BE24,BE241,23096,Zemst,23337,43.21766627,2018,BE_23096,official
BE_23097,BE,BE24,BE241,23097,Roosdaal,11633,21.94954735,2018,BE_23097,official
BE_23098,BE,BE24,BE241,23098,Drogenbos,5599,2.5229646,2018,BE_23098,official
BE_23099,BE,BE24,BE241,23099,Kraainem,13736,5.82823676,2018,BE_23099,official
BE_23100,BE,BE24,BE241,23100,Linkebeek,4774,4.17677602,2018,BE_23100,official
BE_23101,BE,BE24,BE241,23101,Sint-Genesius-Rode,18319,22.7262836,2018,BE_23101,official
BE_23102,BE,BE24,BE241,23102,Wemmel,16381,8.75051275,2018,BE_23102,official
BE_23103,BE,BE24,BE241,23103,Wezembeek-Oppem,14028,6.88345955,2018,BE_23103,official
BE_23104,BE,BE24,BE241,23104,Lennik,9038,31.17697298,2018,BE_23104,official
BE_23105,BE,BE24,BE241,23105,Affligem,13236,17.94170248,2018,BE_23105,official
BE_24001,BE,BE24,BE242,24001,Aarschot,29983,63.04845811,2018,BE_24001,official
BE_24007,BE,BE24,BE242,24007,Begijnendijk,10057,17.65080653,2018,BE_24007,official
BE_24008,BE,BE24,BE242,24008,Bekkevoort,6278,37.35860492,2018,BE_24008,official
BE_24009,BE,BE24,BE242,24009,Bertem,9964,30.00475891,2018,BE_24009,official
BE_24011,BE,BE24,BE242,24011,Bierbeek,10036,38.92313098,2018,BE_24011,official
BE_24014,BE,BE24,BE242,24014,Boortmeerbeek,12380,18.75495096,2018,BE_24014,official
BE_24016,BE,BE24,BE242,24016,Boutersem,8183,31.15272873,2018,BE_24016,official
BE_24020,BE,BE24,BE242,24020,Diest,23848,58.68115051,2018,BE_24020,official
BE_24028,BE,BE24,BE242,24028,Geetbets,6038,35.51341816,2018,BE_24028,official
BE_24033,BE,BE24,BE242,24033,Haacht,14492,30.69904747,2018,BE_24033,official
BE_24038,BE,BE24,BE242,24038,Herent,21654,32.69606341,2018,BE_24038,official
BE_24041,BE,BE24,BE242,24041,Hoegaarden,6944,34.07529253,2018,BE_24041,official
BE_24043,BE,BE24,BE242,24043,Holsbeek,9914,38.77064878,2018,BE_24043,official
BE_24045,BE,BE24,BE242,24045,Huldenberg,9897,40.00360227,2018,BE_24045,official
BE_24048,BE,BE24,BE242,24048,Keerbergen,12741,18.53722478,2018,BE_24048,official
BE_24054,BE,BE24,BE242,24054,Kortenaken,7874,49.39707871,2018,BE_24054,official
BE_24055,BE,BE24,BE242,24055,Kortenberg,20240,34.74050336,2018,BE_24055,official
BE_24059,BE,BE24,BE242,24059,Landen,15971,53.33373184,2018,BE_24059,official
BE_24062,BE,BE24,BE242,24062,Leuven,101448,57.53532618,2018,BE_24062,official
BE_24066,BE,BE24,BE242,24066,Lubbeek,14416,45.30399438,2018,BE_24066,official
BE_24086,BE,BE24,BE242,24086,Oud-Heverlee,11109,31.18427263,2018,BE_24086,official
BE_24094,BE,BE24,BE242,24094,Rotselaar,16688,37.2039628,2018,BE_24094,official
BE_24104,BE,BE24,BE242,24104,Tervuren,22284,33.44987868,2018,BE_24104,official
BE_24107,BE,BE24,BE242,24107,Tienen,34737,72.85945049,2018,BE_24107,official
BE_24109,BE,BE24,BE242,24109,Tremelo,14853,21.91021981,2018,BE_24109,official
BE_24130,BE,BE24,BE242,24130,Zoutleeuw,8503,46.81299095,2018,BE_24130,official
BE_24133,BE,BE24,BE242,24133,Linter,7256,36.90168986,2018,BE_24133,official
BE_24134,BE,BE24,BE242,24134,Scherpenheuvel-Zichem,23111,51.17618772,2018,BE_24134,official
BE_24135,BE,BE24,BE242,24135,Tielt-Winge,10725,44.5498128,2018,BE_24135,official
BE_24137,BE,BE24,BE242,24137,Glabbeek,5300,26.97854395,2018,BE_24137,official
BE_25005,BE,BE31,BE310,25005,Beauvechain,7241,38.66291056,2018,BE_25005,official
BE_25014,BE,BE31,BE310,25014,Braine-l'Alleud,39853,52.24868968,2018,BE_25014,official
BE_25015,BE,BE31,BE310,25015,Braine-le-Château,10461,22.74647111,2018,BE_25015,official
BE_25018,BE,BE31,BE310,25018,Chaumont-Gistoux,11737,48.26854188,2018,BE_25018,official
BE_25023,BE,BE31,BE310,25023,Court-Saint-Etienne,10517,26.97280999,2018,BE_25023,official
BE_25031,BE,BE31,BE310,25031,Genappe,15376,90.28886498,2018,BE_25031,official
BE_25037,BE,BE31,BE310,25037,Grez-Doiceau,13391,55.590218,2018,BE_25037,official
BE_25043,BE,BE31,BE310,25043,Incourt,5395,38.79428226,2018,BE_25043,official
BE_25044,BE,BE31,BE310,25044,Ittre,6875,35.02558884,2018,BE_25044,official
BE_25048,BE,BE31,BE310,25048,Jodoigne,14333,73.69720917,2018,BE_25048,official
BE_25050,BE,BE31,BE310,25050,La Hulpe,7324,15.46679985,2018,BE_25050,official
BE_25068,BE,BE31,BE310,25068,Mont-Saint-Guibert,7567,18.75872594,2018,BE_25068,official
BE_25072,BE,BE31,BE310,25072,Nivelles,28535,60.8712032,2018,BE_25072,official
BE_25084,BE,BE31,BE310,25084,Perwez,9299,51.1618203,2018,BE_25084,official
BE_25091,BE,BE31,BE310,25091,Rixensart,22525,17.47483895,2018,BE_25091,official
BE_25105,BE,BE31,BE310,25105,Tubize,26002,32.86468455,2018,BE_25105,official
BE_25107,BE,BE31,BE310,25107,Villers-la-Ville,10723,47.93637207,2018,BE_25107,official
BE_25110,BE,BE31,BE310,25110,Waterloo,30202,21.39885212,2018,BE_25110,official
BE_25112,BE,BE31,BE310,25112,Wavre,34382,42.1535035,2018,BE_25112,official
BE_25117,BE,BE31,BE310,25117,Chastre,7603,31.50518855,2018,BE_25117,official
BE_25118,BE,BE31,BE310,25118,Hélécine,3488,16.96371263,2018,BE_25118,official
BE_25119,BE,BE31,BE310,25119,Lasne,14255,47.62129589,2018,BE_25119,official
BE_25120,BE,BE31,BE310,25120,Orp-Jauche,8864,50.82671984,2018,BE_25120,official
BE_25121,BE,BE31,BE310,25121,Ottignies-Louvain-la-Neuve,31490,33.38506927,2018,BE_25121,official
BE_25122,BE,BE31,BE310,25122,Ramillies,6398,49.23935033,2018,BE_25122,official
BE_25123,BE,BE31,BE310,25123,Rebecq,11006,39.24020915,2018,BE_25123,official
BE_25124,BE,BE31,BE310,25124,Walhain,7174,38.0799078,2018,BE_25124,official
BE_31003,BE,BE25,BE251,31003,Beernem,15698,72.48242908,2018,BE_31003,official
BE_31004,BE,BE25,BE251,31004,Blankenberge,20374,17.75983187,2018,BE_31004,official
BE_31005,BE,BE25,BE251,31005,Brugge,118583,139.24933034,2018,BE_31005,official
BE_31006,BE,BE25,BE251,31006,Damme,11006,90.33634305,2018,BE_31006,official
BE_31012,BE,BE25,BE251,31012,Jabbeke,13878,53.83731371,2018,BE_31012,official
BE_31022,BE,BE25,BE251,31022,Oostkamp,23593,80.07967286,2018,BE_31022,official
BE_31033,BE,BE25,BE251,31033,Torhout,20538,45.38501746,2018,BE_31033,official
BE_31040,BE,BE25,BE251,31040,Zedelgem,22642,60.63787824,2018,BE_31040,official
BE_31042,BE,BE25,BE251,31042,Zuienkerke,2738,48.89379418,2018,BE_31042,official
BE_31043,BE,BE25,BE251,31043,Knokke-Heist,33125,56.9788437,2018,BE_31043,official
BE_32003,BE,BE25,BE252,32003,Diksmuide,16751,150.66577255,2018,BE_32003,official
BE_32006,BE,BE25,BE252,32006,Houthulst,10035,56.0158433,2018,BE_32006,official
BE_32010,BE,BE25,BE252,32010,Koekelare,8787,39.43102906,2018,BE_32010,official
BE_32011,BE,BE25,BE252,32011,Kortemark,12597,55.37877819,2018,BE_32011,official
BE_32030,BE,BE25,BE252,32030,Lo-Reninge,3291,63.52997508,2018,BE_32030,official
BE_33011,BE,BE25,BE253,33011,Ieper,34997,131.40203254,2018,BE_33011,official
BE_33016,BE,BE25,BE253,33016,Mesen,1043,3.60060953,2018,BE_33016,official
BE_33021,BE,BE25,BE253,33021,Poperinge,19735,120.50313795,2018,BE_33021,official
BE_33029,BE,BE25,BE253,33029,Wervik,18670,43.81920344,2018,BE_33029,official
BE_33037,BE,BE25,BE253,33037,Zonnebeke,12450,68.08511064,2018,BE_33037,official
BE_33039,BE,BE25,BE253,33039,Heuvelland,7859,94.84029753,2018,BE_33039,official
BE_33040,BE,BE25,BE253,33040,Langemark-Poelkapelle,8140,53.10651976,2018,BE_33040,official
BE_33041,BE,BE25,BE253,33041,Vleteren,3661,38.47310101,2018,BE_33041,official
BE_34002,BE,BE25,BE254,34002,Anzegem,14608,42.35062486,2018,BE_34002,official
BE_34003,BE,BE25,BE254,34003,Avelgem,10074,22.11950395,2018,BE_34003,official
BE_34009,BE,BE25,BE254,34009,Deerlijk,11797,16.98389897,2018,BE_34009,official
BE_34013,BE,BE25,BE254,34013,Harelbeke,27940,29.36363225,2018,BE_34013,official
BE_34022,BE,BE25,BE254,34022,Kortrijk,76413,80.72742463,2018,BE_34022,official
BE_34023,BE,BE25,BE254,34023,Kuurne,13337,10.11644405,2018,BE_34023,official
BE_34025,BE,BE25,BE254,34025,Lendelede,5750,13.30253259,2018,BE_34025,official
BE_34027,BE,BE25,BE254,34027,Menen,33286,33.09118713,2018,BE_34027,official
BE_34040,BE,BE25,BE254,34040,Waregem,38154,44.54597546,2018,BE_34040,official
BE_34041,BE,BE25,BE254,34041,Wevelgem,31435,39.14043154,2018,BE_34041,official
BE_34042,BE,BE25,BE254,34042,Zwevegem,24634,63.64443045,2018,BE_34042,official
BE_34043,BE,BE25,BE254,34043,Spiere-Helkijn,2091,10.82255242,2018,BE_34043,official
BE_35002,BE,BE25,BE255,35002,Bredene,17842,13.17275098,2018,BE_35002,official
BE_35005,BE,BE25,BE255,35005,Gistel,12068,42.84003874,2018,BE_35005,official
BE_35006,BE,BE25,BE255,35006,Ichtegem,13950,45.75993657,2018,BE_35006,official
BE_35011,BE,BE25,BE255,35011,Middelkerke,19383,76.20550839,2018,BE_35011,official
BE_35013,BE,BE25,BE255,35013,Oostende,71522,37.95426016,2018,BE_35013,official
BE_35014,BE,BE25,BE255,35014,Oudenburg,9308,35.67929341,2018,BE_35014,official
BE_35029,BE,BE25,BE255,35029,De Haan,12648,42.1078207,2018,BE_35029,official
BE_36006,BE,BE25,BE256,36006,Hooglede,9955,38.10256381,2018,BE_36006,official
BE_36007,BE,BE25,BE256,36007,Ingelmunster,10952,16.46638102,2018,BE_36007,official
BE_36008,BE,BE25,BE256,36008,Izegem,27751,25.63306998,2018,BE_36008,official
BE_36010,BE,BE25,BE256,36010,Ledegem,9719,24.84505014,2018,BE_36010,official
BE_36011,BE,BE25,BE256,36011,Lichtervelde,8806,26.15176862,2018,BE_36011,official
BE_36012,BE,BE25,BE256,36012,Moorslede,11083,35.45764716,2018,BE_36012,official
BE_36015,BE,BE25,BE256,36015,Roeselare,62369,60.33578605,2018,BE_36015,official
BE_36019,BE,BE25,BE256,36019,Staden,11375,46.90077689,2018,BE_36019,official
BE_37002,BE,BE25,BE257,37002,Dentergem,8498,26.14047329,2018,BE_37002,official
BE_37007,BE,BE25,BE257,37007,Meulebeke,10905,29.46595431,2018,BE_37007,official
BE_37010,BE,BE25,BE257,37010,Oostrozebeke,7846,16.73230053,2018,BE_37010,official
BE_37011,BE,BE25,BE257,37011,Pittem,6758,34.68483202,2018,BE_37011,official
BE_37012,BE,BE25,BE257,37012,Ruiselede,5393,30.58768075,2018,BE_37012,official
BE_37015,BE,BE25,BE257,37015,Tielt,20422,68.83371193,2018,BE_37015,official
BE_37017,BE,BE25,BE257,37017,Wielsbeke,9589,21.93852297,2018,BE_37017,official
BE_37018,BE,BE25,BE257,37018,Wingene,14357,68.5288729,2018,BE_37018,official
BE_37020,BE,BE25,BE257,37020,Ardooie,8982,34.9714932,2018,BE_37020,official
BE_38002,BE,BE25,BE258,38002,Alveringem,5114,80.89349749,2018,BE_38002,official
BE_38008,BE,BE25,BE258,38008,De Panne,11136,24.23046983,2018,BE_38008,official
BE_38014,BE,BE25,BE258,38014,Koksijde,21981,45.02081033,2018,BE_38014,official
BE_38016,BE,BE25,BE258,38016,Nieuwpoort,11575,31.42457585,2018,BE_38016,official
BE_38025,BE,BE25,BE258,38025,Veurne,11802,97.30184001,2018,BE_38025,official
BE_41002,BE,BE23,BE231,41002,Aalst,85798,78.66213462,2018,BE_41002,official
BE_41011,BE,BE23,BE231,41011,Denderleeuw,20122,13.87824831,2018,BE_41011,official
BE_41018,BE,BE23,BE231,41018,Geraardsbergen,33439,80.10284361,2018,BE_41018,official
BE_41024,BE,BE23,BE231,41024,Haaltert,18449,30.49644657,2018,BE_41024,official
BE_41027,BE,BE23,BE231,41027,Herzele,17741,47.89921193,2018,BE_41027,official
BE_41034,BE,BE23,BE231,41034,Lede,18634,29.85406519,2018,BE_41034,official
BE_41048,BE,BE23,BE231,41048,Ninove,38727,73.12777064,2018,BE_41048,official
BE_41063,BE,BE23,BE231,41063,Sint-Lievens-Houtem,10262,27.04988017,2018,BE_41063,official
BE_41081,BE,BE23,BE231,41081,Zottegem,26393,57.48156106,2018,BE_41081,official
BE_41082,BE,BE23,BE231,41082,Erpe-Mere,19880,34.34948678,2018,BE_41082,official
BE_42003,BE,BE23,BE232,42003,Berlare,14863,38.1909563,2018,BE_42003,official
BE_42004,BE,BE23,BE232,42004,Buggenhout,14485,25.65120171,2018,BE_42004,official
BE_42006,BE,BE23,BE232,42006,Dendermonde,45712,56.42548897,2018,BE_42006,official
BE_42008,BE,BE23,BE232,42008,Hamme,24830,40.649565870000004,2018,BE_42008,official
BE_42010,BE,BE23,BE232,42010,Laarne,12493,32.5856187,2018,BE_42010,official
BE_42011,BE,BE23,BE232,42011,Lebbeke,19212,27.35709304,2018,BE_42011,official
BE_42023,BE,BE23,BE232,42023,Waasmunster,10772,32.20297944,2018,BE_42023,official
BE_42025,BE,BE23,BE232,42025,Wetteren,25519,37.0436712,2018,BE_42025,official
BE_42026,BE,BE23,BE232,42026,Wichelen,11587,23.24611894,2018,BE_42026,official
BE_42028,BE,BE23,BE232,42028,Zele,21009,33.36511089,2018,BE_42028,official
BE_43002,BE,BE23,BE233,43002,Assenede,14222,87.60078785,2018,BE_43002,official
BE_43005,BE,BE23,BE233,43005,Eeklo,21020,30.44687639,2018,BE_43005,official
BE_43007,BE,BE23,BE233,43007,Kaprijke,6429,33.5968626,2018,BE_43007,official
BE_43010,BE,BE23,BE233,43010,Maldegem,23733,95.56218228,2018,BE_43010,official
BE_43014,BE,BE23,BE233,43014,Sint-Laureins,6681,74.69998462,2018,BE_43014,official
BE_43018,BE,BE23,BE233,43018,Zelzate,12703,13.75035395,2018,BE_43018,official
BE_44001,BE,BE23,BE234,44001,Aalter,20568,82.43052762,2018,BE_44001,official
BE_44011,BE,BE23,BE234,44011,Deinze,31114,76.12852364,2018,BE_44011,official
BE_44012,BE,BE23,BE234,44012,De Pinte,10539,17.82600594,2018,BE_44012,official
BE_44013,BE,BE23,BE234,44013,Destelbergen,18053,26.67507741,2018,BE_44013,official
BE_44019,BE,BE23,BE234,44019,Evergem,35266,75.27518906,2018,BE_44019,official
BE_44020,BE,BE23,BE234,44020,Gavere,12779,31.55123929,2018,BE_44020,official
BE_44021,BE,BE23,BE234,44021,Gent,261344,157.78599623,2018,BE_44021,official
BE_44029,BE,BE23,BE234,44029,Knesselare,8251,37.43210306,2018,BE_44029,official
BE_44034,BE,BE23,BE234,44034,Lochristi,22303,60.69508759,2018,BE_44034,official
BE_44036,BE,BE23,BE234,44036,Lovendegem,9575,19.50062864,2018,BE_44036,official
BE_44040,BE,BE23,BE234,44040,Melle,11582,15.37007688,2018,BE_44040,official
BE_44043,BE,BE23,BE234,44043,Merelbeke,24650,36.98559273,2018,BE_44043,official
BE_44045,BE,BE23,BE234,44045,Moerbeke,6455,37.93838658,2018,BE_44045,official
BE_44048,BE,BE23,BE234,44048,Nazareth,11578,35.46769054,2018,BE_44048,official
BE_44049,BE,BE23,BE234,44049,Nevele,12188,52.01018152,2018,BE_44049,official
BE_44052,BE,BE23,BE234,44052,Oosterzele,13557,43.55527934,2018,BE_44052,official
BE_44064,BE,BE23,BE234,44064,Sint-Martens-Latem,8476,14.40329974,2018,BE_44064,official
BE_44072,BE,BE23,BE234,44072,Waarschoot,7972,21.92431329,2018,BE_44072,official
BE_44073,BE,BE23,BE234,44073,Wachtebeke,7697,34.63322357,2018,BE_44073,official
BE_44080,BE,BE23,BE234,44080,Zomergem,8467,39.29642757,2018,BE_44080,official
BE_44081,BE,BE23,BE234,44081,Zulte,15760,32.7185536,2018,BE_44081,official
BE_45017,BE,BE23,BE235,45017,Kruishoutem,8090,47.29086535,2018,BE_45017,official
BE_45035,BE,BE23,BE235,45035,Oudenaarde,31159,68.92377044,2018,BE_45035,official
BE_45041,BE,BE23,BE235,45041,Ronse,26352,34.69775602,2018,BE_45041,official
BE_45057,BE,BE23,BE235,45057,Zingem,7560,24.34437657,2018,BE_45057,official
BE_45059,BE,BE23,BE235,45059,Brakel,14789,56.9203535,2018,BE_45059,official
BE_45060,BE,BE23,BE235,45060,Kluisbergen,6455,30.61524667,2018,BE_45060,official
BE_45061,BE,BE23,BE235,45061,Wortegem-Petegem,6443,42.44239379,2018,BE_45061,official
BE_45062,BE,BE23,BE235,45062,Horebeke,2049,11.22725684,2018,BE_45062,official
BE_45063,BE,BE23,BE235,45063,Lierde,6572,26.37670269,2018,BE_45063,official
BE_45064,BE,BE23,BE235,45064,Maarkedal,6339,46.18393469,2018,BE_45064,official
BE_45065,BE,BE23,BE235,45065,Zwalm,8135,33.87743847,2018,BE_45065,official
BE_46003,BE,BE23,BE236,46003,Beveren,48230,153.271816,2018,BE_46003,official
BE_46013,BE,BE23,BE236,46013,Kruibeke,16685,33.52098831,2018,BE_46013,official
BE_46014,BE,BE23,BE236,46014,Lokeren,41457,68.22469024,2018,BE_46014,official
BE_46020,BE,BE23,BE236,46020,Sint-Gillis-Waas,19275,55.33250373,2018,BE_46020,official
BE_46021,BE,BE23,BE236,46021,Sint-Niklaas,77349,84.12067614,2018,BE_46021,official
BE_46024,BE,BE23,BE236,46024,Stekene,18368,45.28506978,2018,BE_46024,official
BE_46025,BE,BE23,BE236,46025,Temse,29592,40.37150125,2018,BE_46025,official
BE_51004,BE,BE32,BE321,51004,Ath,29200,127.9027273,2018,BE_51004,official
BE_51008,BE,BE32,BE321,51008,Beloeil,14052,62.3006292,2018,BE_51008,official
BE_51009,BE,BE32,BE321,51009,Bernissart,11874,43.69180109,2018,BE_51009,official
BE_51012,BE,BE32,BE321,51012,Brugelette,3661,28.60133669,2018,BE_51012,official
BE_51014,BE,BE32,BE321,51014,Chièvres,6906,47.41163997,2018,BE_51014,official
BE_51017,BE,BE32,BE321,51017,Ellezelles,6001,45.16364282,2018,BE_51017,official
BE_51019,BE,BE32,BE321,51019,Flobecq,3426,23.33364816,2018,BE_51019,official
BE_51065,BE,BE32,BE321,51065,Frasnes-lez-Anvaing,11743,112.75100362,2018,BE_51065,official
BE_52010,BE,BE32,BE322,52010,Chapelle-lez-Herlaimont,14920,18.20050513,2018,BE_52010,official
BE_52011,BE,BE32,BE322,52011,Charleroi,202539,102.85349771,2018,BE_52011,official
BE_52012,BE,BE32,BE322,52012,Châtelet,36135,27.28487903,2018,BE_52012,official
BE_52015,BE,BE32,BE322,52015,Courcelles,31396,44.52319754,2018,BE_52015,official
BE_52018,BE,BE32,BE322,52018,Farciennes,11255,10.37072164,2018,BE_52018,official
BE_52021,BE,BE32,BE322,52021,Fleurus,22831,59.4148304,2018,BE_52021,official
BE_52022,BE,BE32,BE322,52022,Fontaine-l'Evêque,17822,28.69553795,2018,BE_52022,official
BE_52025,BE,BE32,BE322,52025,Gerpinnes,12669,47.76324277,2018,BE_52025,official
BE_52043,BE,BE32,BE322,52043,Manage,23155,19.72236094,2018,BE_52043,official
BE_52048,BE,BE32,BE322,52048,Montigny-le-Tilleul,10159,15.28372793,2018,BE_52048,official
BE_52055,BE,BE32,BE322,52055,Pont-à-Celles,17311,55.95589958,2018,BE_52055,official
BE_52063,BE,BE32,BE322,52063,Seneffe,11289,63.55166271,2018,BE_52063,official
BE_52074,BE,BE32,BE322,52074,Aiseau-Presles,10809,22.3226483,2018,BE_52074,official
BE_52075,BE,BE32,BE322,52075,Les Bons Villers,9460,43.31066803,2018,BE_52075,official
BE_53014,BE,BE32,BE323,53014,Boussu,19883,20.0678141,2018,BE_53014,official
BE_53020,BE,BE32,BE323,53020,Dour,16728,33.61561622,2018,BE_53020,official
BE_53028,BE,BE32,BE323,53028,Frameries,21954,26.12639881,2018,BE_53028,official
BE_53039,BE,BE32,BE323,53039,Hensies,6832,26.46261174,2018,BE_53039,official
BE_53044,BE,BE32,BE323,53044,Jurbise,10437,58.01895252,2018,BE_53044,official
BE_53046,BE,BE32,BE323,53046,Lens,4507,49.92340766,2018,BE_53046,official
BE_53053,BE,BE32,BE323,53053,Mons,95928,147.68360021,2018,BE_53053,official
BE_53065,BE,BE32,BE323,53065,Quaregnon,19043,11.17365745,2018,BE_53065,official
BE_53068,BE,BE32,BE323,53068,Quiévrain,6770,21.55798003,2018,BE_53068,official
BE_53070,BE,BE32,BE323,53070,Saint-Ghislain,23377,70.58339701,2018,BE_53070,official
BE_53082,BE,BE32,BE323,53082,Colfontaine,20793,13.75701952,2018,BE_53082,official
BE_53083,BE,BE32,BE323,53083,Honnelles,5142,44.41216729,2018,BE_53083,official
BE_53084,BE,BE32,BE323,53084,Quévy,8106,65.32011919,2018,BE_53084,official
BE_54007,BE,BE32,BE324,54007,Mouscron,58352,40.78909996,2018,BE_54007,official
BE_54010,BE,BE32,BE324,54010,Comines-Warneton,18097,61.59490245,2018,BE_54010,official
BE_55004,BE,BE32,BE325,55004,Braine-le-Comte,21699,84.94924142,2018,BE_55004,official
BE_55010,BE,BE32,BE325,55010,Enghien,13747,39.30517653,2018,BE_55010,official
BE_55022,BE,BE32,BE325,55022,La Louvière,80790,64.35544581,2018,BE_55022,official
BE_55023,BE,BE32,BE325,55023,Lessines,18571,72.65389425,2018,BE_55023,official
BE_55035,BE,BE32,BE325,55035,Le Roeulx,8652,43.33035984,2018,BE_55035,official
BE_55039,BE,BE32,BE325,55039,Silly,8403,68.61379685,2018,BE_55039,official
BE_55040,BE,BE32,BE325,55040,Soignies,27632,111.32231795,2018,BE_55040,official
BE_55050,BE,BE32,BE325,55050,Ecaussinnes,11150,34.97628207,2018,BE_55050,official
BE_56001,BE,BE32,BE326,56001,Anderlues,12271,17.2168097,2018,BE_56001,official
BE_56005,BE,BE32,BE326,56005,Beaumont,7141,93.53152264,2018,BE_56005,official
BE_56011,BE,BE32,BE326,56011,Binche,33631,61.32450163,2018,BE_56011,official
BE_56016,BE,BE32,BE326,56016,Chimay,9890,198.95504572,2018,BE_56016,official
BE_56022,BE,BE32,BE326,56022,Erquelinnes,9963,44.61093048,2018,BE_56022,official
BE_56029,BE,BE32,BE326,56029,Froidchapelle,3963,86.53930952,2018,BE_56029,official
BE_56044,BE,BE32,BE326,56044,Lobbes,5869,32.19707231,2018,BE_56044,official
BE_56049,BE,BE32,BE326,56049,Merbes-le-Château,4267,30.644886,2018,BE_56049,official
BE_56051,BE,BE32,BE326,56051,Momignies,5308,86.12083368,2018,BE_56051,official
BE_56078,BE,BE32,BE326,56078,Thuin,14682,76.61179698,2018,BE_56078,official
BE_56085,BE,BE32,BE326,56085,Estinnes,7752,73.20934395,2018,BE_56085,official
BE_56086,BE,BE32,BE326,56086,Ham-sur-Heure-Nalinnes,13547,45.67968428,2018,BE_56086,official
BE_56087,BE,BE32,BE326,56087,Morlanwelz,19222,20.38797062,2018,BE_56087,official
BE_56088,BE,BE32,BE326,56088,Sivry-Rance,4837,73.33450613,2018,BE_56088,official
BE_57003,BE,BE32,BE327,57003,Antoing,7769,31.31742341,2018,BE_57003,official
BE_57018,BE,BE32,BE327,57018,Celles,5668,67.44839791,2018,BE_57018,official
BE_57027,BE,BE32,BE327,57027,Estaimpuis,10425,32.06959666,2018,BE_57027,official
BE_57062,BE,BE32,BE327,57062,Pecq,5602,33.15708487,2018,BE_57062,official
BE_57064,BE,BE32,BE327,57064,Péruwelz,17142,61.14222354,2018,BE_57064,official
BE_57072,BE,BE32,BE327,57072,Rumes,5204,23.98684745,2018,BE_57072,official
BE_57081,BE,BE32,BE327,57081,Tournai,70174,215.38690243,2018,BE_57081,official
BE_57093,BE,BE32,BE327,57093,Brunehaut,8111,46.56583516,2018,BE_57093,official
BE_57094,BE,BE32,BE327,57094,Leuze-en-Hainaut,13893,74.44901141,2018,BE_57094,official
BE_57095,BE,BE32,BE327,57095,Mont-de-l'Enclus,3729,27.1863805,2018,BE_57095,official
BE_61003,BE,BE33,BE331,61003,Amay,14313,27.70663714,2018,BE_61003,official
BE_61010,BE,BE33,BE331,61010,Burdinne,3237,32.60763513,2018,BE_61010,official
BE_61012,BE,BE33,BE331,61012,Clavier,4617,79.66332877,2018,BE_61012,official
BE_61019,BE,BE33,BE331,61019,Ferrières,4920,57.13763032,2018,BE_61019,official
BE_61024,BE,BE33,BE331,61024,Hamoir,3878,27.64889999,2018,BE_61024,official
BE_61028,BE,BE33,BE331,61028,Héron,5288,38.29231997,2018,BE_61028,official
BE_61031,BE,BE33,BE331,61031,Huy,21360,47.54178764,2018,BE_61031,official
BE_61039,BE,BE33,BE331,61039,Marchin,5467,30.15031402,2018,BE_61039,official
BE_61041,BE,BE33,BE331,61041,Modave,4200,40.30190306,2018,BE_61041,official
BE_61043,BE,BE33,BE331,61043,Nandrin,5832,35.98770696,2018,BE_61043,official
BE_61048,BE,BE33,BE331,61048,Ouffet,2806,40.35746248,2018,BE_61048,official
BE_61063,BE,BE33,BE331,61063,Verlaine,4185,24.41381359,2018,BE_61063,official
BE_61068,BE,BE33,BE331,61068,Villers-Le-Bouillet,6508,32.84608655,2018,BE_61068,official
BE_61072,BE,BE33,BE331,61072,Wanze,13598,44.24122565,2018,BE_61072,official
BE_61079,BE,BE33,BE331,61079,Anthisnes,4207,37.27268798,2018,BE_61079,official
BE_61080,BE,BE33,BE331,61080,Engis,6122,27.68988883,2018,BE_61080,official
BE_61081,BE,BE33,BE331,61081,Tinlot,2724,37.27316259,2018,BE_61081,official
BE_62003,BE,BE33,BE332,62003,Ans,28308,23.29827781,2018,BE_62003,official
BE_62006,BE,BE33,BE332,62006,Awans,9368,27.17756192,2018,BE_62006,official
BE_62009,BE,BE33,BE332,62009,Aywaille,12575,79.93594557,2018,BE_62009,official
BE_62011,BE,BE33,BE332,62011,Bassenge,8997,38.17498155,2018,BE_62011,official
BE_62015,BE,BE33,BE332,62015,Beyne-Heusay,12043,7.23241689,2018,BE_62015,official
BE_62022,BE,BE33,BE332,62022,Chaudfontaine,20966,25.55056277,2018,BE_62022,official
BE_62026,BE,BE33,BE332,62026,Comblain-au-Pont,5386,22.57930136,2018,BE_62026,official
BE_62027,BE,BE33,BE332,62027,Dalhem,7421,36.12108933,2018,BE_62027,official
BE_62032,BE,BE33,BE332,62032,Esneux,12903,34.24753238,2018,BE_62032,official
BE_62038,BE,BE33,BE332,62038,Fléron,16522,13.70817726,2018,BE_62038,official
BE_62051,BE,BE33,BE332,62051,Herstal,40052,23.45223414,2018,BE_62051,official
BE_62060,BE,BE33,BE332,62060,Juprelle,9302,35.45664145,2018,BE_62060,official
BE_62063,BE,BE33,BE332,62063,Liège,198541,68.6131387,2018,BE_62063,official
BE_62079,BE,BE33,BE332,62079,Oupeye,25319,36.18343725,2018,BE_62079,official
BE_62093,BE,BE33,BE332,62093,Saint-Nicolas,24263,6.89639871,2018,BE_62093,official
BE_62096,BE,BE33,BE332,62096,Seraing,64413,35.31545404,2018,BE_62096,official
BE_62099,BE,BE33,BE332,62099,Soumagne,16902,27.25740666,2018,BE_62099,official
BE_62100,BE,BE33,BE332,62100,Sprimont,14810,74.44613441,2018,BE_62100,official
BE_62108,BE,BE33,BE332,62108,Visé,17776,27.86824844,2018,BE_62108,official
BE_62118,BE,BE33,BE332,62118,Grâce-Hollogne,22991,34.23685749,2018,BE_62118,official
BE_62119,BE,BE33,BE332,62119,Blégny,13302,26.03716844,2018,BE_62119,official
BE_62120,BE,BE33,BE332,62120,Flémalle,26202,36.62297924,2018,BE_62120,official
BE_62121,BE,BE33,BE332,62121,Neupré,9945,31.84602825,2018,BE_62121,official
BE_62122,BE,BE33,BE332,62122,Trooz,8458,24.14746471,2018,BE_62122,official
BE_63001,BE,BE33,BE336,63001,Amel,5481,125.81210509,2018,BE_63001,official
BE_63003,BE,BE33,BE335,63003,Aubel,4223,18.81953262,2018,BE_63003,official
BE_63004,BE,BE33,BE335,63004,Baelen,4440,85.89860056,2018,BE_63004,official
BE_63012,BE,BE33,BE336,63012,Büllingen,5654,150.56884549,2018,BE_63012,official
BE_63013,BE,BE33,BE336,63013,Bütgenbach,5609,97.02452296,2018,BE_63013,official
BE_63020,BE,BE33,BE335,63020,Dison,15480,13.9872283,2018,BE_63020,official
BE_63023,BE,BE33,BE336,63023,Eupen,19714,96.58971919,2018,BE_63023,official
BE_63035,BE,BE33,BE335,63035,Herve,17619,56.80672016,2018,BE_63035,official
BE_63038,BE,BE33,BE335,63038,Jalhay,8595,106.74044105,2018,BE_63038,official
BE_63040,BE,BE33,BE336,63040,Kelmis,11076,17.9917271,2018,BE_63040,official
BE_63045,BE,BE33,BE335,63045,Lierneux,3608,92.28859115,2018,BE_63045,official
BE_63046,BE,BE33,BE335,63046,Limbourg,5946,24.60986357,2018,BE_63046,official
BE_63048,BE,BE33,BE336,63048,Lontzen,5707,28.74505144,2018,BE_63048,official
BE_63049,BE,BE33,BE335,63049,Malmedy,12662,100.49641934,2018,BE_63049,official
BE_63057,BE,BE33,BE335,63057,Olne,4092,15.93070073,2018,BE_63057,official
BE_63058,BE,BE33,BE335,63058,Pepinster,9772,24.94398847,2018,BE_63058,official
BE_63061,BE,BE33,BE336,63061,Raeren,10707,72.72794012,2018,BE_63061,official
BE_63067,BE,BE33,BE336,63067,Sankt Vith,9685,147.14302357,2018,BE_63067,official
BE_63072,BE,BE33,BE335,63072,Spa,10397,39.87191203,2018,BE_63072,official
BE_63073,BE,BE33,BE335,63073,Stavelot,7176,85.11648814,2018,BE_63073,official
BE_63075,BE,BE33,BE335,63075,Stoumont,3106,108.51626206,2018,BE_63075,official
BE_63076,BE,BE33,BE335,63076,Theux,12034,83.50842967,2018,BE_63076,official
BE_63079,BE,BE33,BE335,63079,Verviers,55380,33.06098783,2018,BE_63079,official
BE_63080,BE,BE33,BE335,63080,Waimes,7444,97.84510725,2018,BE_63080,official
BE_63084,BE,BE33,BE335,63084,Welkenraedt,9930,24.62236057,2018,BE_63084,official
BE_63086,BE,BE33,BE335,63086,Trois-Ponts,2570,68.8297517,2018,BE_63086,official
BE_63087,BE,BE33,BE336,63087,Burg-Reuland,3954,109.9637967,2018,BE_63087,official
BE_63088,BE,BE33,BE335,63088,Plombières,10412,53.36276269,2018,BE_63088,official
BE_63089,BE,BE33,BE335,63089,Thimister-Clermont,5736,28.69294483,2018,BE_63089,official
BE_64008,BE,BE33,BE334,64008,Berloz,3091,14.48095027,2018,BE_64008,official
BE_64015,BE,BE33,BE334,64015,Braives,6331,43.9487843,2018,BE_64015,official
BE_64021,BE,BE33,BE334,64021,Crisnée,3355,17.01764818,2018,BE_64021,official
BE_64023,BE,BE33,BE334,64023,Donceel,3051,23.42791877,2018,BE_64023,official
BE_64025,BE,BE33,BE334,64025,Fexhe-le-Haut-Clocher,3266,19.51179301,2018,BE_64025,official
BE_64029,BE,BE33,BE334,64029,Geer,3434,23.57763272,2018,BE_64029,official
BE_64034,BE,BE33,BE334,64034,Hannut,16451,86.58606321,2018,BE_64034,official
BE_64047,BE,BE33,BE334,64047,Lincent,3296,14.71411007,2018,BE_64047,official
BE_64056,BE,BE33,BE334,64056,Oreye,3920,19.64921267,2018,BE_64056,official
BE_64063,BE,BE33,BE334,64063,Remicourt,5907,22.61775355,2018,BE_64063,official
BE_64065,BE,BE33,BE334,64065,Saint-Georges-sur-Meuse,6795,20.99453052,2018,BE_64065,official
BE_64074,BE,BE33,BE334,64074,Waremme,15177,30.90162788,2018,BE_64074,official
BE_64075,BE,BE33,BE334,64075,Wasseiges,2970,24.39928326,2018,BE_64075,official
BE_64076,BE,BE33,BE334,64076,Faimes,3952,28.40668766,2018,BE_64076,official
BE_71002,BE,BE22,BE221,71002,As,8197,22.10098935,2018,BE_71002,official
BE_71004,BE,BE22,BE221,71004,Beringen,46107,78.62818954,2018,BE_71004,official
BE_71011,BE,BE22,BE221,71011,Diepenbeek,19153,41.36888062,2018,BE_71011,official
BE_71016,BE,BE22,BE221,71016,Genk,66175,87.49930985,2018,BE_71016,official
BE_71017,BE,BE22,BE221,71017,Gingelom,8393,56.35109887,2018,BE_71017,official
BE_71020,BE,BE22,BE221,71020,Halen,9478,36.61459531,2018,BE_71020,official
BE_71022,BE,BE22,BE221,71022,Hasselt,77749,102.69520291,2018,BE_71022,official
BE_71024,BE,BE22,BE221,71024,Herk-de-Stad,12673,43.05571002,2018,BE_71024,official
BE_71034,BE,BE22,BE221,71034,Leopoldsburg,15648,22.50376714,2018,BE_71034,official
BE_71037,BE,BE22,BE221,71037,Lummen,14775,53.6576594,2018,BE_71037,official
BE_71045,BE,BE22,BE221,71045,Nieuwerkerken,6967,22.52876857,2018,BE_71045,official
BE_71047,BE,BE22,BE221,71047,Opglabbeek,10339,25.16729198,2018,BE_71047,official
BE_71053,BE,BE22,BE221,71053,Sint-Truiden,40939,107.14943204,2018,BE_71053,official
BE_71057,BE,BE22,BE221,71057,Tessenderlo,18534,51.68867171,2018,BE_71057,official
BE_71066,BE,BE22,BE221,71066,Zonhoven,21230,39.67995669,2018,BE_71066,official
BE_71067,BE,BE22,BE221,71067,Zutendaal,7241,32.04093764,2018,BE_71067,official
BE_71069,BE,BE22,BE221,71069,Ham,10835,32.71058116,2018,BE_71069,official
BE_71070,BE,BE22,BE221,71070,Heusden-Zolder,33549,53.4336857,2018,BE_71070,official
BE_72003,BE,BE22,BE222,72003,Bocholt,13100,59.31986593,2018,BE_72003,official
BE_72004,BE,BE22,BE222,72004,Bree,16013,64.91011637,2018,BE_72004,official
BE_72018,BE,BE22,BE222,72018,Kinrooi,12232,54.88104096,2018,BE_72018,official
BE_72020,BE,BE22,BE222,72020,Lommel,34064,102.37926528,2018,BE_72020,official
BE_72021,BE,BE22,BE222,72021,Maaseik,25229,77.1932413,2018,BE_72021,official
BE_72025,BE,BE22,BE222,72025,Neerpelt,17166,42.87399146,2018,BE_72025,official
BE_72029,BE,BE22,BE222,72029,Overpelt,15590,40.85009741,2018,BE_72029,official
BE_72030,BE,BE22,BE222,72030,Peer,16407,87.2477317,2018,BE_72030,official
BE_72037,BE,BE22,BE222,72037,Hamont-Achel,14430,43.82088733,2018,BE_72037,official
BE_72038,BE,BE22,BE222,72038,Hechtel-Eksel,12311,76.72755263,2018,BE_72038,official
BE_72039,BE,BE22,BE222,72039,Houthalen-Helchteren,31310,78.28608302,2018,BE_72039,official
BE_72040,BE,BE22,BE222,72040,Meeuwen-Gruitrode,13107,91.2292542,2018,BE_72040,official
BE_72041,BE,BE22,BE222,72041,Dilsen-Stokkem,20483,65.87526798,2018,BE_72041,official
BE_73001,BE,BE22,BE223,73001,Alken,11580,28.22963027,2018,BE_73001,official
BE_73006,BE,BE22,BE223,73006,Bilzen,32353,75.98859529,2018,BE_73006,official
BE_73009,BE,BE22,BE223,73009,Borgloon,10714,51.31424979,2018,BE_73009,official
BE_73022,BE,BE22,BE223,73022,Heers,7292,53.0515898,2018,BE_73022,official
BE_73028,BE,BE22,BE223,73028,Herstappe,88,1.33721795,2018,BE_73028,official
BE_73032,BE,BE22,BE223,73032,Hoeselt,9695,30.09569975,2018,BE_73032,official
BE_73040,BE,BE22,BE223,73040,Kortessem,8459,33.99297281,2018,BE_73040,official
BE_73042,BE,BE22,BE223,73042,Lanaken,26069,58.92193676,2018,BE_73042,official
BE_73066,BE,BE22,BE223,73066,Riemst,16677,58.10835934,2018,BE_73066,official
BE_73083,BE,BE22,BE223,73083,Tongeren,31084,87.91620468,2018,BE_73083,official
BE_73098,BE,BE22,BE223,73098,Wellen,7410,26.78154998,2018,BE_73098,official
BE_73107,BE,BE22,BE223,73107,Maasmechelen,38220,76.92853138,2018,BE_73107,official
BE_73109,BE,BE22,BE223,73109,Voeren,4166,50.80861591,2018,BE_73109,official
BE_81001,BE,BE34,BE341,81001,Arlon,30150,118.93190216,2018,BE_81001,official
BE_81003,BE,BE34,BE341,81003,Attert,5542,71.14673334,2018,BE_81003,official
BE_81004,BE,BE34,BE341,81004,Aubange,16929,46.075300059999996,2018,BE_81004,official
BE_81013,BE,BE34,BE341,81013,Martelange,1838,30.01091089,2018,BE_81013,official
BE_81015,BE,BE34,BE341,81015,Messancy,8186,52.60205461,2018,BE_81015,official
BE_82003,BE,BE34,BE342,82003,Bastogne,15911,173.02811427,2018,BE_82003,official
BE_82005,BE,BE34,BE342,82005,Bertogne,3586,91.79673448,2018,BE_82005,official
BE_82009,BE,BE34,BE342,82009,Fauvillers,2255,74.92582806,2018,BE_82009,official
BE_82014,BE,BE34,BE342,82014,Houffalize,5231,167.26383507,2018,BE_82014,official
BE_82032,BE,BE34,BE342,82032,Vielsalm,7873,140.85730035,2018,BE_82032,official
BE_82036,BE,BE34,BE342,82036,Vaux-sur-Sûre,5651,135.72426668,2018,BE_82036,official
BE_82037,BE,BE34,BE342,82037,Gouvy,5512,165.39314847,2018,BE_82037,official
BE_82038,BE,BE34,BE342,82038,Sainte-Ode,2832,97.9535677,2018,BE_82038,official
BE_83012,BE,BE34,BE343,83012,Durbuy,11394,157.02596077,2018,BE_83012,official
BE_83013,BE,BE34,BE343,83013,Erezée,3279,78.87230793,2018,BE_83013,official
BE_83028,BE,BE34,BE343,83028,Hotton,5828,56.74584512,2018,BE_83028,official
BE_83031,BE,BE34,BE343,83031,La Roche-en-Ardenne,4202,145.83251897,2018,BE_83031,official
BE_83034,BE,BE34,BE343,83034,Marche-en-Famenne,17461,122.40276775,2018,BE_83034,official
BE_83040,BE,BE34,BE343,83040,Nassogne,5482,112.95420571,2018,BE_83040,official
BE_83044,BE,BE34,BE343,83044,Rendeux,2795,71.97897976,2018,BE_83044,official
BE_83049,BE,BE34,BE343,83049,Tenneville,2843,91.95008256,2018,BE_83049,official
BE_83055,BE,BE34,BE343,83055,Manhay,3567,120.21469267,2018,BE_83055,official
BE_84009,BE,BE34,BE344,84009,Bertrix,8766,138.48353547,2018,BE_84009,official
BE_84010,BE,BE34,BE344,84010,Bouillon,5355,148.92501485,2018,BE_84010,official
BE_84016,BE,BE34,BE344,84016,Daverdisse,1408,56.89336621,2018,BE_84016,official
BE_84029,BE,BE34,BE344,84029,Herbeumont,1677,58.43947695,2018,BE_84029,official
BE_84033,BE,BE34,BE344,84033,Léglise,5368,173.89160893,2018,BE_84033,official
BE_84035,BE,BE34,BE344,84035,Libin,5173,140.68794669,2018,BE_84035,official
BE_84043,BE,BE34,BE344,84043,Neufchâteau,7684,114.47526568,2018,BE_84043,official
BE_84050,BE,BE34,BE344,84050,Paliseul,5399,111.11387524,2018,BE_84050,official
BE_84059,BE,BE34,BE344,84059,Saint-Hubert,5576,111.99380157,2018,BE_84059,official
BE_84068,BE,BE34,BE344,84068,Tellin,2473,57.00558162,2018,BE_84068,official
BE_84075,BE,BE34,BE344,84075,Wellin,3065,67.77321011,2018,BE_84075,official
BE_84077,BE,BE34,BE344,84077,Libramont-Chevigny,11203,179.01312943,2018,BE_84077,official
BE_85007,BE,BE34,BE345,85007,Chiny,5176,114.09674368,2018,BE_85007,official
BE_85009,BE,BE34,BE345,85009,Etalle,5860,79.34170419,2018,BE_85009,official
BE_85011,BE,BE34,BE345,85011,Florenville,5633,148.69202729,2018,BE_85011,official
BE_85024,BE,BE34,BE345,85024,Meix-devant-Virton,2829,55.22761597,2018,BE_85024,official
BE_85026,BE,BE34,BE345,85026,Musson,4512,35.39594269,2018,BE_85026,official
BE_85034,BE,BE34,BE345,85034,Saint-Léger,3609,36.21049993,2018,BE_85034,official
BE_85039,BE,BE34,BE345,85039,Tintigny,4282,81.70373746,2018,BE_85039,official
BE_85045,BE,BE34,BE345,85045,Virton,11350,95.73475615,2018,BE_85045,official
BE_85046,BE,BE34,BE345,85046,Habay,8386,103.29419397,2018,BE_85046,official
BE_85047,BE,BE34,BE345,85047,Rouvroy,2082,28.18656033,2018,BE_85047,official
BE_91005,BE,BE35,BE351,91005,Anhée,7120,66.00066782,2018,BE_91005,official
BE_91013,BE,BE35,BE351,91013,Beauraing,9283,174.42994693,2018,BE_91013,official
BE_91015,BE,BE35,BE351,91015,Bièvre,3313,109.65782532,2018,BE_91015,official
BE_91030,BE,BE35,BE351,91030,Ciney,16457,148.05283043,2018,BE_91030,official
BE_91034,BE,BE35,BE351,91034,Dinant,13565,99.83356636,2018,BE_91034,official
BE_91054,BE,BE35,BE351,91054,Gedinne,4564,151.87574195,2018,BE_91054,official
BE_91059,BE,BE35,BE351,91059,Hamois,7549,76.57840924,2018,BE_91059,official
BE_91064,BE,BE35,BE351,91064,Havelange,5135,104.77857922,2018,BE_91064,official
BE_91072,BE,BE35,BE351,91072,Houyet,4875,123.1848876,2018,BE_91072,official
BE_91103,BE,BE35,BE351,91103,Onhaye,3201,65.62123238,2018,BE_91103,official
BE_91114,BE,BE35,BE351,91114,Rochefort,12567,166.45532986,2018,BE_91114,official
BE_91120,BE,BE35,BE351,91120,Somme-Leuze,5589,95.21898368,2018,BE_91120,official
BE_91141,BE,BE35,BE351,91141,Yvoir,9607,57.09403434,2018,BE_91141,official
BE_91142,BE,BE35,BE351,91142,Hastière,5988,56.59857821,2018,BE_91142,official
BE_91143,BE,BE35,BE351,91143,Vresse-sur-Semois,2769,101.45526409,2018,BE_91143,official
BE_92003,BE,BE35,BE352,92003,Andenne,27028,86.2025922,2018,BE_92003,official
BE_92006,BE,BE35,BE352,92006,Assesse,6986,78.56017792,2018,BE_92006,official
BE_92035,BE,BE35,BE352,92035,Eghezée,16254,103.13414071,2018,BE_92035,official
BE_92045,BE,BE35,BE352,92045,Floreffe,8117,39.1539315,2018,BE_92045,official
BE_92048,BE,BE35,BE352,92048,Fosses-la-Ville,10460,63.27001529,2018,BE_92048,official
BE_92054,BE,BE35,BE352,92054,Gesves,7225,64.99659296,2018,BE_92054,official
BE_92087,BE,BE35,BE352,92087,Mettet,13047,116.82395406,2018,BE_92087,official
BE_92094,BE,BE35,BE352,92094,Namur,111498,176.12701898,2018,BE_92094,official
BE_92097,BE,BE35,BE352,92097,Ohey,5092,56.7466527,2018,BE_92097,official
BE_92101,BE,BE35,BE352,92101,Profondeville,12224,50.38147097,2018,BE_92101,official
BE_92114,BE,BE35,BE352,92114,Sombreffe,8426,35.92709224,2018,BE_92114,official
BE_92137,BE,BE35,BE352,92137,Sambreville,28246,34.4127138,2018,BE_92137,official
BE_92138,BE,BE35,BE352,92138,Fernelmont,7923,65.81748479,2018,BE_92138,official
BE_92140,BE,BE35,BE352,92140,Jemeppe-sur-Sambre,19094,46.90452443,2018,BE_92140,official
BE_92141,BE,BE35,BE352,92141,La Bruyère,9241,53.19180213,2018,BE_92141,official
BE_92142,BE,BE35,BE352,92142,Gembloux,25975,96.34219021,2018,BE_92142,official
BE_93010,BE,BE35,BE353,93010,Cerfontaine,4930,83.47658347,2018,BE_93010,official
BE_93014,BE,BE35,BE353,93014,Couvin,13838,207.05739234,2018,BE_93014,official
BE_93018,BE,BE35,BE353,93018,Doische,2955,84.12074,2018,BE_93018,official
BE_93022,BE,BE35,BE353,93022,Florennes,11789,134.30565913,2018,BE_93022,official
BE_93056,BE,BE35,BE353,93056,Philippeville,9245,157.19043993,2018,BE_93056,official
BE_93088,BE,BE35,BE353,93088,Walcourt,18398,123.74956194,2018,BE_93088,official
BE_93090,BE,BE35,BE353,93090,Viroinval,5877,121.15842389,2018,BE_93090,official
