gisco_id,country,nuts_2,nuts_3,lau_id,lau_name,population,area_km2,year,fid
NO_0101,NO,NO03,NO031,0101,Halden,30790,642.17716567,2017,NO_0101
NO_0104,NO,NO03,NO031,0104,Moss,32407,63.47835944,2017,NO_0104
NO_0105,NO,NO03,NO031,0105,Sarpsborg,55127,405.36509238,2017,NO_0105
NO_0106,NO,NO03,NO031,0106,Fredrikstad,80121,285.62809191,2017,NO_0106
NO_0111,NO,NO03,NO031,0111,Hvaler,4517,86.46750496,2017,NO_0111
NO_0118,NO,NO03,NO031,0118,Aremark,1398,319.26919498,2017,NO_0118
NO_0119,NO,NO03,NO031,0119,Marker,3597,412.89509952,2017,NO_0119
NO_0121,NO,NO03,NO031,0121,Rømskog,685,183.14338117,2017,NO_0121
NO_0122,NO,NO03,NO031,0122,Trøgstad,5367,204.45999962,2017,NO_0122
NO_0123,NO,NO03,NO031,0123,Spydeberg,5765,142.03208219,2017,NO_0123
NO_0124,NO,NO03,NO031,0124,Askim,15720,69.1500579,2017,NO_0124
NO_0125,NO,NO03,NO031,0125,Eidsberg,11406,235.91022899,2017,NO_0125
NO_0127,NO,NO03,NO031,0127,Skiptvet,3783,101.20516296,2017,NO_0127
NO_0128,NO,NO03,NO031,0128,Rakkestad,8173,434.71714894,2017,NO_0128
NO_0135,NO,NO03,NO031,0135,Råde,7398,118.51097336,2017,NO_0135
NO_0136,NO,NO03,NO031,0136,Rygge,15747,74.09042299,2017,NO_0136
NO_0137,NO,NO03,NO031,0137,Våler (Østf.),5335,256.96666669,2017,NO_0137
NO_0138,NO,NO03,NO031,0138,Hobøl,5557,140.39300043,2017,NO_0138
NO_0211,NO,NO01,NO012,0211,Vestby,17188,133.86225265,2017,NO_0211
NO_0213,NO,NO01,NO012,0213,Ski,30698,165.53197883,2017,NO_0213
NO_0214,NO,NO01,NO012,0214,Ås,19288,103.11173836,2017,NO_0214
NO_0215,NO,NO01,NO012,0215,Frogn,15743,85.55689329,2017,NO_0215
NO_0216,NO,NO01,NO012,0216,Nesodden,18869,61.28999896,2017,NO_0216
NO_0217,NO,NO01,NO012,0217,Oppegård,26988,37.03879514,2017,NO_0217
NO_0219,NO,NO01,NO012,0219,Bærum,124008,192.08752243,2017,NO_0219
NO_0220,NO,NO01,NO012,0220,Asker,60781,100.46143093,2017,NO_0220
NO_0221,NO,NO01,NO012,0221,Aurskog-Høland,16162,961.66295919,2017,NO_0221
NO_0226,NO,NO01,NO012,0226,Sørum,17665,206.61141247,2017,NO_0226
NO_0227,NO,NO01,NO012,0227,Fet,11555,176.35055076,2017,NO_0227
NO_0228,NO,NO01,NO012,0228,Rælingen,17730,71.68284937,2017,NO_0228
NO_0229,NO,NO01,NO012,0229,Enebakk,10927,232.58281633000001,2017,NO_0229
NO_0230,NO,NO01,NO012,0230,Lørenskog,37406,70.54792546,2017,NO_0230
NO_0231,NO,NO01,NO012,0231,Skedsmo,53276,77.03255622,2017,NO_0231
NO_0233,NO,NO01,NO012,0233,Nittedal,23213,186.22836695,2017,NO_0233
NO_0234,NO,NO01,NO012,0234,Gjerdrum,6546,83.19267245,2017,NO_0234
NO_0235,NO,NO01,NO012,0235,Ullensaker,35102,252.46298286,2017,NO_0235
NO_0236,NO,NO01,NO012,0236,Nes (Ak.),21241,637.36576743,2017,NO_0236
NO_0237,NO,NO01,NO012,0237,Eidsvoll,24415,456.50087836,2017,NO_0237
NO_0238,NO,NO01,NO012,0238,Nannestad,12657,340.98191921,2017,NO_0238
NO_0239,NO,NO01,NO012,0239,Hurdal,2910,284.96600052,2017,NO_0239
NO_0301,NO,NO01,NO011,0301,Oslo kommune,666759,453.97681928,2017,NO_0301
NO_0402,NO,NO02,NO021,0402,Kongsvinger,17857,1036.45148247,2017,NO_0402
NO_0403,NO,NO02,NO021,0403,Hamar,30598,350.96387215,2017,NO_0403
NO_0412,NO,NO02,NO021,0412,Ringsaker,33842,1280.08279446,2017,NO_0412
NO_0415,NO,NO02,NO021,0415,Løten,7633,369.43819824,2017,NO_0415
NO_0417,NO,NO02,NO021,0417,Stange,20317,724.2680648,2017,NO_0417
NO_0418,NO,NO02,NO021,0418,Nord-Odal,5100,508.13723796,2017,NO_0418
NO_0419,NO,NO02,NO021,0419,Sør-Odal,7866,516.73743255,2017,NO_0419
NO_0420,NO,NO02,NO021,0420,Eidskog,6127,640.38217082,2017,NO_0420
NO_0423,NO,NO02,NO021,0423,Grue,4777,837.17618812,2017,NO_0423
NO_0425,NO,NO02,NO021,0425,Åsnes,7329,1040.93117076,2017,NO_0425
NO_0426,NO,NO02,NO021,0426,Våler (Hedm.),3743,705.28504104,2017,NO_0426
NO_0427,NO,NO02,NO021,0427,Elverum,21086,1229.27967982,2017,NO_0427
NO_0428,NO,NO02,NO021,0428,Trysil,6550,3014.40259148,2017,NO_0428
NO_0429,NO,NO02,NO021,0429,Åmot,4518,1339.90093809,2017,NO_0429
NO_0430,NO,NO02,NO021,0430,Stor-Elvdal,2530,2165.78463372,2017,NO_0430
NO_0432,NO,NO02,NO021,0432,Rendalen,1858,3179.51000485,2017,NO_0432
NO_0434,NO,NO02,NO021,0434,Engerdal,1274,2196.54766695,2017,NO_0434
NO_0436,NO,NO02,NO021,0436,Tolga,1620,1122.57917351,2017,NO_0436
NO_0437,NO,NO02,NO021,0437,Tynset,5584,1880.52205256,2017,NO_0437
NO_0438,NO,NO02,NO021,0438,Alvdal,2441,942.15864034,2017,NO_0438
NO_0439,NO,NO02,NO021,0439,Folldal,1577,1276.86851318,2017,NO_0439
NO_0441,NO,NO02,NO021,0441,Os (Hedm.),1963,1040.4102274,2017,NO_0441
NO_0501,NO,NO02,NO022,0501,Lillehammer,27781,478.18133681,2017,NO_0501
NO_0502,NO,NO02,NO022,0502,Gjøvik,30319,672.24103637,2017,NO_0502
NO_0511,NO,NO02,NO022,0511,Dovre,2675,1364.38200962,2017,NO_0511
NO_0512,NO,NO02,NO022,0512,Lesja,2048,2259.4887672,2017,NO_0512
NO_0513,NO,NO02,NO022,0513,Skjåk,2202,2075.52052965,2017,NO_0513
NO_0514,NO,NO02,NO022,0514,Lom,2360,1968.5773823,2017,NO_0514
NO_0515,NO,NO02,NO022,0515,Vågå,3640,1329.99137489,2017,NO_0515
NO_0516,NO,NO02,NO022,0516,Nord-Fron,5723,1141.5175905,2017,NO_0516
NO_0517,NO,NO02,NO022,0517,Sel,5916,904.92443926,2017,NO_0517
NO_0519,NO,NO02,NO022,0519,Sør-Fron,3163,742.14470233,2017,NO_0519
NO_0520,NO,NO02,NO022,0520,Ringebu,4502,1247.56246468,2017,NO_0520
NO_0521,NO,NO02,NO022,0521,Øyer,5082,639.91232717,2017,NO_0521
NO_0522,NO,NO02,NO022,0522,Gausdal,6204,1191.15533239,2017,NO_0522
NO_0528,NO,NO02,NO022,0528,Østre Toten,14887,562.56945506,2017,NO_0528
NO_0529,NO,NO02,NO022,0529,Vestre Toten,13179,249.51430216,2017,NO_0529
NO_0532,NO,NO02,NO022,0532,Jevnaker,6696,225.71467575,2017,NO_0532
NO_0533,NO,NO02,NO022,0533,Lunner,9080,291.83983261,2017,NO_0533
NO_0534,NO,NO02,NO022,0534,Gran,13707,756.65230138,2017,NO_0534
NO_0536,NO,NO02,NO022,0536,Søndre Land,5717,728.35476584,2017,NO_0536
NO_0538,NO,NO02,NO022,0538,Nordre Land,6773,955.32195927,2017,NO_0538
NO_0540,NO,NO02,NO022,0540,Sør-Aurdal,3026,1109.02021593,2017,NO_0540
NO_0541,NO,NO02,NO022,0541,Etnedal,1351,459.15185373,2017,NO_0541
NO_0542,NO,NO02,NO022,0542,Nord-Aurdal,6490,906.52709981,2017,NO_0542
NO_0543,NO,NO02,NO022,0543,Vestre Slidre,2114,463.26005464,2017,NO_0543
NO_0544,NO,NO02,NO022,0544,Øystre Slidre,3248,963.11762284,2017,NO_0544
NO_0545,NO,NO02,NO022,0545,Vang,1596,1505.44599202,2017,NO_0545
NO_0602,NO,NO03,NO032,0602,Drammen,68363,137.49903538,2017,NO_0602
NO_0604,NO,NO03,NO032,0604,Kongsberg,27216,793.11341723,2017,NO_0604
NO_0605,NO,NO03,NO032,0605,Ringerike,30034,1555.07832293,2017,NO_0605
NO_0612,NO,NO03,NO032,0612,Hole,6772,192.70021289,2017,NO_0612
NO_0615,NO,NO03,NO032,0615,Flå,1081,704.40704725,2017,NO_0615
NO_0616,NO,NO03,NO032,0616,Nes (Busk.),3357,809.67811419,2017,NO_0616
NO_0617,NO,NO03,NO032,0617,Gol,4612,532.47632096,2017,NO_0617
NO_0618,NO,NO03,NO032,0618,Hemsedal,2442,753.53743936,2017,NO_0618
NO_0619,NO,NO03,NO032,0619,Ål,4719,1174.92193657,2017,NO_0619
NO_0620,NO,NO03,NO032,0620,Hol,4535,1854.63689501,2017,NO_0620
NO_0621,NO,NO03,NO032,0621,Sigdal,3502,842.28213599,2017,NO_0621
NO_0622,NO,NO03,NO032,0622,Krødsherad,2257,374.51301213,2017,NO_0622
NO_0623,NO,NO03,NO032,0623,Modum,13786,517.19578894000006,2017,NO_0623
NO_0624,NO,NO03,NO032,0624,Øvre Eiker,18562,456.78695878,2017,NO_0624
NO_0625,NO,NO03,NO032,0625,Nedre Eiker,24718,121.63394794,2017,NO_0625
NO_0626,NO,NO03,NO032,0626,Lier,25740,301.56221647,2017,NO_0626
NO_0627,NO,NO03,NO032,0627,Røyken,21931,112.43247709,2017,NO_0627
NO_0628,NO,NO03,NO032,0628,Hurum,9462,163.22031253,2017,NO_0628
NO_0631,NO,NO03,NO032,0631,Flesberg,2696,561.9121468,2017,NO_0631
NO_0632,NO,NO03,NO032,0632,Rollag,1399,449.2807165,2017,NO_0632
NO_0633,NO,NO03,NO032,0633,Nore og Uvdal,2530,2502.30173229,2017,NO_0633
NO_0701,NO,NO03,NO033,0701,Horten,27202,70.14713985,2017,NO_0701
NO_0702,NO,NO03,NO033,0702,Holmestrand,10861,86.10520232,2017,NO_0702
NO_0704,NO,NO03,NO033,0704,Tønsberg,44922,109.79496263,2017,NO_0704
NO_0709,NO,NO03,NO033,0709,Larvik,44082,532.52976579,2017,NO_0709
NO_0710,NO,NO03,NO033,0710,Sandefjord,62019,421.08364878,2017,NO_0710
NO_0711,NO,NO03,NO033,0711,Svelvik,6653,57.64021381,2017,NO_0711
NO_0713,NO,NO03,NO033,0713,Sande (Vestf.),9496,178.22310345,2017,NO_0713
NO_0714,NO,NO03,NO033,0714,Hof,3176,163.1134396,2017,NO_0714
NO_0716,NO,NO03,NO033,0716,Re,9486,224.62459015,2017,NO_0716
NO_0722,NO,NO03,NO033,0722,Nøtterøy,21748,59.65885707,2017,NO_0722
NO_0723,NO,NO03,NO033,0723,Tjøme,4928,37.39270974,2017,NO_0723
NO_0728,NO,NO03,NO033,0728,Lardal,2475,277.68632537,2017,NO_0728
NO_0805,NO,NO03,NO034,0805,Porsgrunn,36198,163.98948265,2017,NO_0805
NO_0806,NO,NO03,NO034,0806,Skien,54316,779.05795741,2017,NO_0806
NO_0807,NO,NO03,NO034,0807,Notodden,12757,918.38020933,2017,NO_0807
NO_0811,NO,NO03,NO034,0811,Siljan,2357,213.95709815,2017,NO_0811
NO_0814,NO,NO03,NO034,0814,Bamble,14138,302.88757703,2017,NO_0814
NO_0815,NO,NO03,NO034,0815,Kragerø,10586,301.89464142,2017,NO_0815
NO_0817,NO,NO03,NO034,0817,Drangedal,4148,1062.78797715,2017,NO_0817
NO_0819,NO,NO03,NO034,0819,Nome,6585,429.67620837,2017,NO_0819
NO_0821,NO,NO03,NO034,0821,Bø (Telem.),6262,263.21464001,2017,NO_0821
NO_0822,NO,NO03,NO034,0822,Sauherad,4303,320.54096306,2017,NO_0822
NO_0826,NO,NO03,NO034,0826,Tinn,5894,2045.13307301,2017,NO_0826
NO_0827,NO,NO03,NO034,0827,Hjartdal,1593,791.83552996,2017,NO_0827
NO_0828,NO,NO03,NO034,0828,Seljord,2979,715.10853661,2017,NO_0828
NO_0829,NO,NO03,NO034,0829,Kviteseid,2442,708.46662066,2017,NO_0829
NO_0830,NO,NO03,NO034,0830,Nissedal,1476,905.18095653,2017,NO_0830
NO_0831,NO,NO03,NO034,0831,Fyresdal,1319,1280.58911596,2017,NO_0831
NO_0833,NO,NO03,NO034,0833,Tokke,2228,984.48470998,2017,NO_0833
NO_0834,NO,NO03,NO034,0834,Vinje,3726,3105.83450148,2017,NO_0834
NO_0901,NO,NO04,NO041,0901,Risør,6936,191.70145412,2017,NO_0901
NO_0904,NO,NO04,NO041,0904,Grimstad,22692,301.28744287,2017,NO_0904
NO_0906,NO,NO04,NO041,0906,Arendal,44576,268.34752457,2017,NO_0906
NO_0911,NO,NO04,NO041,0911,Gjerstad,2511,322.13574294,2017,NO_0911
NO_0912,NO,NO04,NO041,0912,Vegårshei,2104,355.64735312,2017,NO_0912
NO_0914,NO,NO04,NO041,0914,Tvedestrand,6051,216.17481887,2017,NO_0914
NO_0919,NO,NO04,NO041,0919,Froland,5713,644.55155233,2017,NO_0919
NO_0926,NO,NO04,NO041,0926,Lillesand,10702,187.20733713,2017,NO_0926
NO_0928,NO,NO04,NO041,0928,Birkenes,5178,674.20997828,2017,NO_0928
NO_0929,NO,NO04,NO041,0929,Åmli,1856,1130.60442469,2017,NO_0929
NO_0935,NO,NO04,NO041,0935,Iveland,1342,261.63602655,2017,NO_0935
NO_0937,NO,NO04,NO041,0937,Evje og Hornnes,3614,550.22584672,2017,NO_0937
NO_0938,NO,NO04,NO041,0938,Bygland,1200,1311.66021084,2017,NO_0938
NO_0940,NO,NO04,NO041,0940,Valle,1246,1264.85109377,2017,NO_0940
NO_0941,NO,NO04,NO041,0941,Bykle,952,1467.13684072,2017,NO_0941
NO_1001,NO,NO04,NO042,1001,Kristiansand,89268,274.18732905,2017,NO_1001
NO_1002,NO,NO04,NO042,1002,Mandal,15600,220.28775083,2017,NO_1002
NO_1003,NO,NO04,NO042,1003,Farsund,9769,261.1161605,2017,NO_1003
NO_1004,NO,NO04,NO042,1004,Flekkefjord,9090,543.17206836,2017,NO_1004
NO_1014,NO,NO04,NO042,1014,Vennesla,14425,384.47299235,2017,NO_1014
NO_1017,NO,NO04,NO042,1017,Songdalen,6568,215.93371512,2017,NO_1017
NO_1018,NO,NO04,NO042,1018,Søgne,11321,148.1766464,2017,NO_1018
NO_1021,NO,NO04,NO042,1021,Marnardal,2309,395.02794166,2017,NO_1021
NO_1026,NO,NO04,NO042,1026,Åseral,937,887.51760947,2017,NO_1026
NO_1027,NO,NO04,NO042,1027,Audnedal,1765,251.44015768,2017,NO_1027
NO_1029,NO,NO04,NO042,1029,Lindesnes,4950,315.42398305,2017,NO_1029
NO_1032,NO,NO04,NO042,1032,Lyngdal,8588,390.57374412,2017,NO_1032
NO_1034,NO,NO04,NO042,1034,Hægebostad,1702,461.32627997,2017,NO_1034
NO_1037,NO,NO04,NO042,1037,Kvinesdal,5988,963.19546496,2017,NO_1037
NO_1046,NO,NO04,NO042,1046,Sirdal,1836,1554.30260684,2017,NO_1046
NO_1101,NO,NO04,NO043,1101,Eigersund,14899,431.53898261,2017,NO_1101
NO_1102,NO,NO04,NO043,1102,Sandnes,75497,304.44952246,2017,NO_1102
NO_1103,NO,NO04,NO043,1103,Stavanger,132729,70.83335729,2017,NO_1103
NO_1106,NO,NO04,NO043,1106,Haugesund,37166,71.80391798,2017,NO_1106
NO_1111,NO,NO04,NO043,1111,Sokndal,3316,294.68866425,2017,NO_1111
NO_1112,NO,NO04,NO043,1112,Lund,3259,408.40070464,2017,NO_1112
NO_1114,NO,NO04,NO043,1114,Bjerkreim,2826,650.5681523,2017,NO_1114
NO_1119,NO,NO04,NO043,1119,Hå,18800,258.02083219,2017,NO_1119
NO_1120,NO,NO04,NO043,1120,Klepp,19042,113.8759219,2017,NO_1120
NO_1121,NO,NO04,NO043,1121,Time,18656,183.19096717,2017,NO_1121
NO_1122,NO,NO04,NO043,1122,Gjesdal,11902,617.99140675,2017,NO_1122
NO_1124,NO,NO04,NO043,1124,Sola,26016,68.6207387,2017,NO_1124
NO_1127,NO,NO04,NO043,1127,Randaberg,10873,24.58777083,2017,NO_1127
NO_1129,NO,NO04,NO043,1129,Forsand,1245,780.01904111,2017,NO_1129
NO_1130,NO,NO04,NO043,1130,Strand,12662,217.81911766,2017,NO_1130
NO_1133,NO,NO04,NO043,1133,Hjelmeland,2708,1088.6151233800001,2017,NO_1133
NO_1134,NO,NO04,NO043,1134,Suldal,3853,1736.87679876,2017,NO_1134
NO_1135,NO,NO04,NO043,1135,Sauda,4760,546.35444206,2017,NO_1135
NO_1141,NO,NO04,NO043,1141,Finnøy,3235,103.17279437,2017,NO_1141
NO_1142,NO,NO04,NO043,1142,Rennesøy,4892,64.8161091,2017,NO_1142
NO_1144,NO,NO04,NO043,1144,Kvitsøy,534,4.79960023,2017,NO_1144
NO_1145,NO,NO04,NO043,1145,Bokn,855,46.29193441,2017,NO_1145
NO_1146,NO,NO04,NO043,1146,Tysvær,11041,424.00404891,2017,NO_1146
NO_1149,NO,NO04,NO043,1149,Karmøy,42229,225.42656141,2017,NO_1149
NO_1151,NO,NO04,NO043,1151,Utsira,201,6.11129168,2017,NO_1151
NO_1160,NO,NO04,NO043,1160,Vindafjord,8828,620.00327206,2017,NO_1160
NO_1201,NO,NO05,NO051,1201,Bergen,278556,464.67044771,2017,NO_1201
NO_1211,NO,NO05,NO051,1211,Etne,4135,735.44066937,2017,NO_1211
NO_1216,NO,NO05,NO051,1216,Sveio,5656,244.85179679,2017,NO_1216
NO_1219,NO,NO05,NO051,1219,Bømlo,11806,238.88192322,2017,NO_1219
NO_1221,NO,NO05,NO051,1221,Stord,18821,143.18883138,2017,NO_1221
NO_1222,NO,NO05,NO051,1222,Fitjar,3189,141.21738492,2017,NO_1222
NO_1223,NO,NO05,NO051,1223,Tysnes,2847,253.727164,2017,NO_1223
NO_1224,NO,NO05,NO051,1224,Kvinnherad,13241,1089.98175634,2017,NO_1224
NO_1227,NO,NO05,NO051,1227,Jondal,1108,247.02510491,2017,NO_1227
NO_1228,NO,NO05,NO051,1228,Odda,7025,1615.90596411,2017,NO_1228
NO_1231,NO,NO05,NO051,1231,Ullensvang,3377,1398.81996927,2017,NO_1231
NO_1232,NO,NO05,NO051,1232,Eidfjord,921,1491.58370647,2017,NO_1232
NO_1233,NO,NO05,NO051,1233,Ulvik,1131,721.93923292,2017,NO_1233
NO_1234,NO,NO05,NO051,1234,Granvin,933,211.35732132,2017,NO_1234
NO_1235,NO,NO05,NO051,1235,Voss,14514,1805.85297702,2017,NO_1235
NO_1238,NO,NO05,NO051,1238,Kvam,8423,616.37857564,2017,NO_1238
NO_1241,NO,NO05,NO051,1241,Fusa,3895,377.94387076,2017,NO_1241
NO_1242,NO,NO05,NO051,1242,Samnanger,2488,269.11701184,2017,NO_1242
NO_1243,NO,NO05,NO051,1243,Os (Hord.),20152,138.74438891,2017,NO_1243
NO_1244,NO,NO05,NO051,1244,Austevoll,5156,113.78200922,2017,NO_1244
NO_1245,NO,NO05,NO051,1245,Sund,7058,97.69613701,2017,NO_1245
NO_1246,NO,NO05,NO051,1246,Fjell,25204,144.50557068,2017,NO_1246
NO_1247,NO,NO05,NO051,1247,Askøy,28821,99.31982887,2017,NO_1247
NO_1251,NO,NO05,NO051,1251,Vaksdal,4123,715.68167399,2017,NO_1251
NO_1252,NO,NO05,NO051,1252,Modalen,383,412.11989856,2017,NO_1252
NO_1253,NO,NO05,NO051,1253,Osterøy,8026,255.04042292,2017,NO_1253
NO_1256,NO,NO05,NO051,1256,Meland,8021,92.17783021,2017,NO_1256
NO_1259,NO,NO05,NO051,1259,Øygarden,4913,63.45329939,2017,NO_1259
NO_1260,NO,NO05,NO051,1260,Radøy,5128,110.21284936,2017,NO_1260
NO_1263,NO,NO05,NO051,1263,Lindås,15731,474.22181398,2017,NO_1263
NO_1264,NO,NO05,NO051,1264,Austrheim,2884,54.59158174,2017,NO_1264
NO_1265,NO,NO05,NO051,1265,Fedje,587,8.551224,2017,NO_1265
NO_1266,NO,NO05,NO051,1266,Masfjorden,1710,555.73244915,2017,NO_1266
NO_1401,NO,NO05,NO052,1401,Flora,11999,687.3140585,2017,NO_1401
NO_1411,NO,NO05,NO052,1411,Gulen,2371,592.3156312,2017,NO_1411
NO_1412,NO,NO05,NO052,1412,Solund,794,221.50303199,2017,NO_1412
NO_1413,NO,NO05,NO052,1413,Hyllestad,1438,258.67339429,2017,NO_1413
NO_1416,NO,NO05,NO052,1416,Høyanger,4190,907.84253113,2017,NO_1416
NO_1417,NO,NO05,NO052,1417,Vik,2722,833.28912732,2017,NO_1417
NO_1418,NO,NO05,NO052,1418,Balestrand,1288,429.83642754,2017,NO_1418
NO_1419,NO,NO05,NO052,1419,Leikanger,2332,180.05418518,2017,NO_1419
NO_1420,NO,NO05,NO052,1420,Sogndal,7941,745.88394588,2017,NO_1420
NO_1421,NO,NO05,NO052,1421,Aurland,1787,1467.85689521,2017,NO_1421
NO_1422,NO,NO05,NO052,1422,Lærdal,2159,1342.42441551,2017,NO_1422
NO_1424,NO,NO05,NO052,1424,Årdal,5363,976.57953142,2017,NO_1424
NO_1426,NO,NO05,NO052,1426,Luster,5151,2706.34427039,2017,NO_1426
NO_1428,NO,NO05,NO052,1428,Askvoll,3065,322.0872434,2017,NO_1428
NO_1429,NO,NO05,NO052,1429,Fjaler,2862,416.01002407,2017,NO_1429
NO_1430,NO,NO05,NO052,1430,Gaular,2966,581.925141,2017,NO_1430
NO_1431,NO,NO05,NO052,1431,Jølster,3049,670.86015096,2017,NO_1431
NO_1432,NO,NO05,NO052,1432,Førde,13009,585.98918049,2017,NO_1432
NO_1433,NO,NO05,NO052,1433,Naustdal,2848,369.75429546,2017,NO_1433
NO_1438,NO,NO05,NO052,1438,Bremanger,3847,831.13094182,2017,NO_1438
NO_1439,NO,NO05,NO052,1439,Vågsøy,6031,175.98361676,2017,NO_1439
NO_1441,NO,NO05,NO052,1441,Selje,2791,225.75721116,2017,NO_1441
NO_1443,NO,NO05,NO052,1443,Eid,6064,469.20275132,2017,NO_1443
NO_1444,NO,NO05,NO052,1444,Hornindal,1198,191.60744564,2017,NO_1444
NO_1445,NO,NO05,NO052,1445,Gloppen,5783,1030.99937052,2017,NO_1445
NO_1449,NO,NO05,NO052,1449,Stryn,7218,1377.30982802,2017,NO_1449
NO_1502,NO,NO05,NO053,1502,Molde,26822,362.43173391,2017,NO_1502
NO_1504,NO,NO05,NO053,1504,Ålesund,47199,98.09441596,2017,NO_1504
NO_1505,NO,NO05,NO053,1505,Kristiansund,24442,86.42141176,2017,NO_1505
NO_1511,NO,NO05,NO053,1511,Vanylven,3203,385.07268599,2017,NO_1511
NO_1514,NO,NO05,NO053,1514,Sande (M. og R.),2540,92.62595592,2017,NO_1514
NO_1515,NO,NO05,NO053,1515,Herøy (M. og R.),8957,118.7494349,2017,NO_1515
NO_1516,NO,NO05,NO053,1516,Ulstein,8457,96.72463202,2017,NO_1516
NO_1517,NO,NO05,NO053,1517,Hareid,5185,82.47748218,2017,NO_1517
NO_1519,NO,NO05,NO053,1519,Volda,9102,547.16047298,2017,NO_1519
NO_1520,NO,NO05,NO053,1520,Ørsta,10744,804.76642638,2017,NO_1520
NO_1523,NO,NO05,NO053,1523,Ørskog,2296,132.61121602,2017,NO_1523
NO_1524,NO,NO05,NO053,1524,Norddal,1663,943.5188117,2017,NO_1524
NO_1525,NO,NO05,NO053,1525,Stranda,4623,866.10857833,2017,NO_1525
NO_1526,NO,NO05,NO053,1526,Stordal,1005,247.05741524,2017,NO_1526
NO_1528,NO,NO05,NO053,1528,Sykkylven,7695,337.70566565,2017,NO_1528
NO_1529,NO,NO05,NO053,1529,Skodje,4667,119.93885199,2017,NO_1529
NO_1531,NO,NO05,NO053,1531,Sula,9007,58.48079537,2017,NO_1531
NO_1532,NO,NO05,NO053,1532,Giske,8176,39.78444079,2017,NO_1532
NO_1534,NO,NO05,NO053,1534,Haram,9312,259.93902837,2017,NO_1534
NO_1535,NO,NO05,NO053,1535,Vestnes,6577,351.70183442,2017,NO_1535
NO_1539,NO,NO05,NO053,1539,Rauma,7503,1502.1240212,2017,NO_1539
NO_1543,NO,NO05,NO053,1543,Nesset,2963,1046.2280635,2017,NO_1543
NO_1545,NO,NO05,NO053,1545,Midsund,2085,94.76295699,2017,NO_1545
NO_1546,NO,NO05,NO053,1546,Sandøy,1246,18.66593128,2017,NO_1546
NO_1547,NO,NO05,NO053,1547,Aukra,3547,57.07046664,2017,NO_1547
NO_1548,NO,NO05,NO053,1548,Fræna,9741,367.07974598,2017,NO_1548
NO_1551,NO,NO05,NO053,1551,Eide,3454,151.39077381,2017,NO_1551
NO_1554,NO,NO05,NO053,1554,Averøy,5856,174.12330781,2017,NO_1554
NO_1557,NO,NO05,NO053,1557,Gjemnes,2611,381.76850528,2017,NO_1557
NO_1560,NO,NO05,NO053,1560,Tingvoll,3109,336.44301717,2017,NO_1560
NO_1563,NO,NO05,NO053,1563,Sunndal,7126,1713.44128706,2017,NO_1563
NO_1566,NO,NO05,NO053,1566,Surnadal,5986,1366.13473822,2017,NO_1566
NO_1567,NO,NO05,NO053,1567,Rindal,2026,631.83566053,2017,NO_1567
NO_1571,NO,NO05,NO053,1571,Halsa,1599,300.66664867,2017,NO_1571
NO_1573,NO,NO05,NO053,1573,Smøla,2160,263.89328565,2017,NO_1573
NO_1576,NO,NO05,NO053,1576,Aure,3590,641.33020931,2017,NO_1576
NO_1601,NO,NO06,NO060,1601,Trondheim,190464,342.19371345,2017,NO_1601
NO_1612,NO,NO06,NO060,1612,Hemne,4259,669.06316567,2017,NO_1612
NO_1613,NO,NO06,NO060,1613,Snillfjord,982,507.86128038,2017,NO_1613
NO_1617,NO,NO06,NO060,1617,Hitra,4659,674.83741853,2017,NO_1617
NO_1620,NO,NO06,NO060,1620,Frøya,4937,217.53260598,2017,NO_1620
NO_1621,NO,NO06,NO060,1621,Ørland,5291,72.65235301,2017,NO_1621
NO_1622,NO,NO06,NO060,1622,Agdenes,1711,317.44397834,2017,NO_1622
NO_1624,NO,NO06,NO060,1624,Rissa,6628,621.33972793,2017,NO_1624
NO_1627,NO,NO06,NO060,1627,Bjugn,4822,379.02862362,2017,NO_1627
NO_1630,NO,NO06,NO060,1630,Åfjord,3263,952.87513604,2017,NO_1630
NO_1632,NO,NO06,NO060,1632,Roan,959,373.00036271,2017,NO_1632
NO_1633,NO,NO06,NO060,1633,Osen,978,385.69471673,2017,NO_1633
NO_1634,NO,NO06,NO060,1634,Oppdal,6973,2274.12863898,2017,NO_1634
NO_1635,NO,NO06,NO060,1635,Rennebu,2556,947.95813591,2017,NO_1635
NO_1636,NO,NO06,NO060,1636,Meldal,3960,613.34260059,2017,NO_1636
NO_1638,NO,NO06,NO060,1638,Orkdal,11891,594.36972835,2017,NO_1638
NO_1640,NO,NO06,NO060,1640,Røros,5623,1956.4509083,2017,NO_1640
NO_1644,NO,NO06,NO060,1644,Holtålen,2046,1209.47666989,2017,NO_1644
NO_1648,NO,NO06,NO060,1648,Midtre Gauldal,6319,1860.52313359,2017,NO_1648
NO_1653,NO,NO06,NO060,1653,Melhus,16213,694.6684036,2017,NO_1653
NO_1657,NO,NO06,NO060,1657,Skaun,8000,224.15505501,2017,NO_1657
NO_1662,NO,NO06,NO060,1662,Klæbu,6050,186.34445453,2017,NO_1662
NO_1663,NO,NO06,NO060,1663,Malvik,13820,168.54494141,2017,NO_1663
NO_1664,NO,NO06,NO060,1664,Selbu,4098,1234.87416865,2017,NO_1664
NO_1665,NO,NO06,NO060,1665,Tydal,861,1329.16842748,2017,NO_1665
NO_1702,NO,NO06,NO060,1702,Steinkjer,21972,1564.18567947,2017,NO_1702
NO_1703,NO,NO06,NO060,1703,Namsos,13051,773.46027967,2017,NO_1703
NO_1711,NO,NO06,NO060,1711,Meråker,2508,1273.39773519,2017,NO_1711
NO_1714,NO,NO06,NO060,1714,Stjørdal,23625,937.87456709,2017,NO_1714
NO_1717,NO,NO06,NO060,1717,Frosta,2630,76.3253725,2017,NO_1717
NO_1718,NO,NO06,NO060,1718,Leksvik,3480,430.22117015,2017,NO_1718
NO_1719,NO,NO06,NO060,1719,Levanger,19892,645.30369289,2017,NO_1719
NO_1721,NO,NO06,NO060,1721,Verdal,14849,1547.63377541,2017,NO_1721
NO_1724,NO,NO06,NO060,1724,Verran,2515,601.50723329,2017,NO_1724
NO_1725,NO,NO06,NO060,1725,Namdalseid,1593,769.51449119,2017,NO_1725
NO_1736,NO,NO06,NO060,1736,Snåase - Snåsa,2159,2342.71652674,2017,NO_1736
NO_1738,NO,NO06,NO060,1738,Lierne,1389,2961.7107696,2017,NO_1738
NO_1739,NO,NO06,NO060,1739,Raarvihke - Røyrvik,469,1584.78232745,2017,NO_1739
NO_1740,NO,NO06,NO060,1740,Namsskogan,872,1417.16969975,2017,NO_1740
NO_1742,NO,NO06,NO060,1742,Grong,2467,1136.16574415,2017,NO_1742
NO_1743,NO,NO06,NO060,1743,Høylandet,1264,754.39290655,2017,NO_1743
NO_1744,NO,NO06,NO060,1744,Overhalla,3840,729.61289811,2017,NO_1744
NO_1748,NO,NO06,NO060,1748,Fosnes,628,544.24289956,2017,NO_1748
NO_1749,NO,NO06,NO060,1749,Flatanger,1090,455.20751031,2017,NO_1749
NO_1750,NO,NO06,NO060,1750,Vikna,4418,296.37180536,2017,NO_1750
NO_1751,NO,NO06,NO060,1751,Nærøy,5138,1061.99458873,2017,NO_1751
NO_1755,NO,NO06,NO060,1755,Leka,584,105.98961733,2017,NO_1755
NO_1756,NO,NO06,NO060,1756,Inderøy,6800,364.97761928,2017,NO_1756
NO_1804,NO,NO07,NO071,1804,Bodø,51022,1381.61801714,2017,NO_1804
NO_1805,NO,NO07,NO071,1805,Narvik,18756,2022.70729865,2017,NO_1805
NO_1811,NO,NO07,NO071,1811,Bindal,1473,1263.25750946,2017,NO_1811
NO_1812,NO,NO07,NO071,1812,Sømna,2047,191.78240338,2017,NO_1812
NO_1813,NO,NO07,NO071,1813,Brønnøy,7956,1039.70754272,2017,NO_1813
NO_1815,NO,NO07,NO071,1815,Vega,1234,145.83073204,2017,NO_1815
NO_1816,NO,NO07,NO071,1816,Vevelstad,528,538.19889715,2017,NO_1816
NO_1818,NO,NO07,NO071,1818,Herøy (Nordl.),1788,50.36207108,2017,NO_1818
NO_1820,NO,NO07,NO071,1820,Alstahaug,7428,180.65104763,2017,NO_1820
NO_1822,NO,NO07,NO071,1822,Leirfjord,2278,465.21368597,2017,NO_1822
NO_1824,NO,NO07,NO071,1824,Vefsn,13465,1928.35269827,2017,NO_1824
NO_1825,NO,NO07,NO071,1825,Grane,1469,2004.15287867,2017,NO_1825
NO_1826,NO,NO07,NO071,1826,Hattfjelldal,1414,2684.36701587,2017,NO_1826
NO_1827,NO,NO07,NO071,1827,Dønna,1410,187.0650364,2017,NO_1827
NO_1828,NO,NO07,NO071,1828,Nesna,1837,182.2027692,2017,NO_1828
NO_1832,NO,NO07,NO071,1832,Hemnes,4524,1588.7015064,2017,NO_1832
NO_1833,NO,NO07,NO071,1833,Rana,26101,4460.57460767,2017,NO_1833
NO_1834,NO,NO07,NO071,1834,Lurøy,1920,251.68509167,2017,NO_1834
NO_1835,NO,NO07,NO071,1835,Træna,465,12.29596543,2017,NO_1835
NO_1836,NO,NO07,NO071,1836,Rødøy,1267,701.3986371,2017,NO_1836
NO_1837,NO,NO07,NO071,1837,Meløy,6435,867.71773496,2017,NO_1837
NO_1838,NO,NO07,NO071,1838,Gildeskål,2024,656.99583573,2017,NO_1838
NO_1839,NO,NO07,NO071,1839,Beiarn,1043,1222.15466034,2017,NO_1839
NO_1840,NO,NO07,NO071,1840,Saltdal,4702,2216.0799223,2017,NO_1840
NO_1841,NO,NO07,NO071,1841,Fauske,9729,1209.825003,2017,NO_1841
NO_1845,NO,NO07,NO071,1845,Sørfold,1958,1636.4400299,2017,NO_1845
NO_1848,NO,NO07,NO071,1848,Steigen,2543,998.33952428,2017,NO_1848
NO_1849,NO,NO07,NO071,1849,Hamarøy - Hábmer,1810,1027.38981829,2017,NO_1849
NO_1850,NO,NO07,NO071,1850,Divtasvuodna - Tysfjord,1960,1463.89771852,2017,NO_1850
NO_1851,NO,NO07,NO071,1851,Lødingen,2134,519.48258978,2017,NO_1851
NO_1852,NO,NO07,NO071,1852,Tjeldsund,1252,317.18064446,2017,NO_1852
NO_1853,NO,NO07,NO071,1853,Evenes,1402,252.22879995,2017,NO_1853
NO_1854,NO,NO07,NO071,1854,Ballangen,2554,930.22886103,2017,NO_1854
NO_1856,NO,NO07,NO071,1856,Røst,535,8.05926813,2017,NO_1856
NO_1857,NO,NO07,NO071,1857,Værøy,744,17.96162539,2017,NO_1857
NO_1859,NO,NO07,NO071,1859,Flakstad,1349,177.58099894,2017,NO_1859
NO_1860,NO,NO07,NO071,1860,Vestvågøy,11294,418.93529289,2017,NO_1860
NO_1865,NO,NO07,NO071,1865,Vågan,9444,473.26847538,2017,NO_1865
NO_1866,NO,NO07,NO071,1866,Hadsel,8009,564.82497905,2017,NO_1866
NO_1867,NO,NO07,NO071,1867,Bø (Nordl.),2624,244.8043822,2017,NO_1867
NO_1868,NO,NO07,NO071,1868,Øksnes,4580,317.01042369,2017,NO_1868
NO_1870,NO,NO07,NO071,1870,Sortland,10378,721.68066623,2017,NO_1870
NO_1871,NO,NO07,NO071,1871,Andøy,4908,654.45436477,2017,NO_1871
NO_1874,NO,NO07,NO071,1874,Moskenes,1073,118.15177081,2017,NO_1874
NO_1902,NO,NO07,NO072,1902,Tromsø,74541,2515.16999902,2017,NO_1902
NO_1903,NO,NO07,NO072,1903,Harstad,24845,443.20262106,2017,NO_1903
NO_1911,NO,NO07,NO072,1911,Kvæfjord,2986,512.62916097,2017,NO_1911
NO_1913,NO,NO07,NO072,1913,Skånland,3048,494.99066967,2017,NO_1913
NO_1917,NO,NO07,NO072,1917,Ibestad,1394,241.06003776,2017,NO_1917
NO_1919,NO,NO07,NO072,1919,Gratangen,1121,312.72840069,2017,NO_1919
NO_1920,NO,NO07,NO072,1920,Loabák - Lavangen,1076,301.7038307,2017,NO_1920
NO_1922,NO,NO07,NO072,1922,Bardu,3994,2703.95958773,2017,NO_1922
NO_1923,NO,NO07,NO072,1923,Salangen,2220,457.90853321,2017,NO_1923
NO_1924,NO,NO07,NO072,1924,Målselv,6781,3321.49074003,2017,NO_1924
NO_1925,NO,NO07,NO072,1925,Sørreisa,3496,363.0293156,2017,NO_1925
NO_1926,NO,NO07,NO072,1926,Dyrøy,1138,288.39380475,2017,NO_1926
NO_1927,NO,NO07,NO072,1927,Tranøy,1540,522.9962928,2017,NO_1927
NO_1928,NO,NO07,NO072,1928,Torsken,921,242.6882208,2017,NO_1928
NO_1929,NO,NO07,NO072,1929,Berg,914,293.29513048,2017,NO_1929
NO_1931,NO,NO07,NO072,1931,Lenvik,11697,892.02396825,2017,NO_1931
NO_1933,NO,NO07,NO072,1933,Balsfjord,5685,1496.53584742,2017,NO_1933
NO_1936,NO,NO07,NO072,1936,Karlsøy,2273,1087.53630159,2017,NO_1936
NO_1938,NO,NO07,NO072,1938,Lyngen,2876,812.19722483,2017,NO_1938
NO_1939,NO,NO07,NO072,1939,Storfjord - Omasvuotna - Omasvuono,1890,1542.76226815,2017,NO_1939
NO_1940,NO,NO07,NO072,1940,Gáivuotna - Kåfjord,2132,991.1035699,2017,NO_1940
NO_1941,NO,NO07,NO072,1941,Skjervøy,2912,474.35408096,2017,NO_1941
NO_1942,NO,NO07,NO072,1942,Nordreisa,4919,3437.65960805,2017,NO_1942
NO_1943,NO,NO07,NO072,1943,Kvænangen,1233,2108.10070403,2017,NO_1943
NO_2002,NO,NO07,NO073,2002,Vardø,2104,600.26787906,2017,NO_2002
NO_2003,NO,NO07,NO073,2003,Vadsø,6154,1257.96747257,2017,NO_2003
NO_2004,NO,NO07,NO073,2004,Hammerfest,10527,847.92525479,2017,NO_2004
NO_2011,NO,NO07,NO073,2011,Guovdageaidnu - Kautokeino,2938,9707.47104552,2017,NO_2011
NO_2012,NO,NO07,NO073,2012,Alta,20446,3849.10548382,2017,NO_2012
NO_2014,NO,NO07,NO073,2014,Loppa,968,686.87404683,2017,NO_2014
NO_2015,NO,NO07,NO073,2015,Hasvik,1037,555.16932836,2017,NO_2015
NO_2017,NO,NO07,NO073,2017,Kvalsund,1027,1844.0226644,2017,NO_2017
NO_2018,NO,NO07,NO073,2018,Måsøy,1204,1133.49322974,2017,NO_2018
NO_2019,NO,NO07,NO073,2019,Nordkapp,3291,924.04883238,2017,NO_2019
NO_2020,NO,NO07,NO073,2020,Porsanger - Porsáŋgu - Porsanki,3971,4872.69178946,2017,NO_2020
NO_2021,NO,NO07,NO073,2021,Kárášjohka - Karasjok,2696,5453.1973443,2017,NO_2021
NO_2022,NO,NO07,NO073,2022,Lebesby,1330,3457.55747825,2017,NO_2022
NO_2023,NO,NO07,NO073,2023,Gamvik,1137,1415.12336161,2017,NO_2023
NO_2024,NO,NO07,NO073,2024,Berlevåg,991,1120.36551699,2017,NO_2024
NO_2025,NO,NO07,NO073,2025,Deatnu - Tana,2911,4049.57142637,2017,NO_2025
NO_2027,NO,NO07,NO073,2027,Unjárga - Nesseby,951,1436.20888111,2017,NO_2027
NO_2028,NO,NO07,NO073,2028,Båtsfjord,2267,1433.12429804,2017,NO_2028
NO_2030,NO,NO07,NO073,2030,Sør-Varanger,10199,3965.18204742,2017,NO_2030
